state,state_abbr,year,beer_rate_raw,has_footnote,beer_rate
Alaska,AK,1982,0.25,False,0.25
Alaska,AK,1983,0.25,False,0.25
Alaska,AK,1984,0.35,False,0.35
Alaska,AK,1985,0.35,False,0.35
Alaska,AK,1986,0.35,False,0.35
Alaska,AK,1987,0.35,False,0.35
Alaska,AK,1988,0.35,False,0.35
Alaska,AK,1989,0.35,False,0.35
Alaska,AK,1990,0.35,False,0.35
Alaska,AK,1991,0.35,False,0.35
Alaska,AK,1992,0.35,False,0.35
Alaska,AK,1993,0.35,False,0.35
Alaska,AK,1994,0.35,False,0.35
Alaska,AK,1995,0.35,False,0.35
Alaska,AK,1996,0.35,False,0.35
Alaska,AK,1997,0.35,False,0.35
Alaska,AK,1998,0.35,False,0.35
Alaska,AK,1999,0.35,False,0.35
Alaska,AK,2000,0.35,False,0.35
Alaska,AK,2001,0.35,False,0.35
Alaska,AK,2002,0.35,False,0.35
Alaska,AK,2003,1.07,False,1.07
Alaska,AK,2004,1.07,False,1.07
Alaska,AK,2005,1.07,False,1.07
Alaska,AK,2006,1.07,False,1.07
Alaska,AK,2007,1.07,False,1.07
Alaska,AK,2008,1.07,False,1.07
Alaska,AK,2009,1.07,False,1.07
Alaska,AK,2010,1.07,False,1.07
Alaska,AK,2011,1.07,False,1.07
Alaska,AK,2012,1.07,False,1.07
Alaska,AK,2013,1.07,False,1.07
Alaska,AK,2014,1.07,False,1.07
Alaska,AK,2015,1.07,False,1.07
Alaska,AK,2016,1.07,False,1.07
Alaska,AK,2017,1.07,False,1.07
Alaska,AK,2018,1.07,False,1.07
Alaska,AK,2019,1.07,False,1.07
Alaska,AK,2020,1.07,False,1.07
Alaska,AK,2021,1.07,False,1.07
Alaska,AK,2022,1.07,False,1.07
Alaska,AK,2023,1.07,False,1.07
Alabama,AL,1982,1.05,False,1.05
Alabama,AL,1983,1.05,False,1.05
Alabama,AL,1984,1.05,False,1.05
Alabama,AL,1985,1.05,False,1.05
Alabama,AL,1986,1.05,False,1.05
Alabama,AL,1987,1.05,False,1.05
Alabama,AL,1988,1.05,False,1.05
Alabama,AL,1989,1.05,False,1.05
Alabama,AL,1990,1.05,False,1.05
Alabama,AL,1991,1.05,False,1.05
Alabama,AL,1992,1.05,False,1.05
Alabama,AL,1993,1.05,False,1.05
Alabama,AL,1994,1.05,False,1.05
Alabama,AL,1995,1.05,False,1.05
Alabama,AL,1996,1.05,False,1.05
Alabama,AL,1997,1.05,False,1.05
Alabama,AL,1998,1.05,False,1.05
Alabama,AL,1999,1.05,False,1.05
Alabama,AL,2000,1.05,False,1.05
Alabama,AL,2001,1.05,False,1.05
Alabama,AL,2002,1.05,False,1.05
Alabama,AL,2003,1.05,False,1.05
Alabama,AL,2004,1.05,False,1.05
Alabama,AL,2005,1.05,False,1.05
Alabama,AL,2006,1.05,False,1.05
Alabama,AL,2007,1.05,False,1.05
Alabama,AL,2008,1.05,False,1.05
Alabama,AL,2009,1.05,False,1.05
Alabama,AL,2010,1.05,False,1.05
Alabama,AL,2011,1.05,False,1.05
Alabama,AL,2012,1.05,False,1.05
Alabama,AL,2013,1.05,False,1.05
Alabama,AL,2014,1.05,False,1.05
Alabama,AL,2015,1.05,False,1.05
Alabama,AL,2016,1.05,False,1.05
Alabama,AL,2017,1.05,False,1.05
Alabama,AL,2018,1.05,False,1.05
Alabama,AL,2019,1.05,False,1.05
Alabama,AL,2020,1.05,False,1.05
Alabama,AL,2021,1.05,False,1.05
Alabama,AL,2022,1.05,False,1.05
Alabama,AL,2023,1.05 *,True,1.05
Arkansas,AR,1982,0.24,False,0.24
Arkansas,AR,1983,0.24,False,0.24
Arkansas,AR,1984,0.24,False,0.24
Arkansas,AR,1985,0.24,False,0.24
Arkansas,AR,1986,0.24,False,0.24
Arkansas,AR,1987,0.24,False,0.24
Arkansas,AR,1988,0.24,False,0.24
Arkansas,AR,1989,0.24,False,0.24
Arkansas,AR,1990,0.24,False,0.24
Arkansas,AR,1991,0.24,False,0.24
Arkansas,AR,1992,0.24,False,0.24
Arkansas,AR,1993,0.24,False,0.24
Arkansas,AR,1994,0.24,False,0.24
Arkansas,AR,1995,0.24,False,0.24
Arkansas,AR,1996,0.24,False,0.24
Arkansas,AR,1997,0.24,False,0.24
Arkansas,AR,1998,0.24,False,0.24
Arkansas,AR,1999,0.24,False,0.24
Arkansas,AR,2000,0.24,False,0.24
Arkansas,AR,2001,0.24,False,0.24
Arkansas,AR,2002,0.24,False,0.24
Arkansas,AR,2003,0.24,False,0.24
Arkansas,AR,2004,0.24,False,0.24
Arkansas,AR,2005,0.24,False,0.24
Arkansas,AR,2006,0.24,False,0.24
Arkansas,AR,2007,0.24,False,0.24
Arkansas,AR,2008,0.24,False,0.24
Arkansas,AR,2009,0.24,False,0.24
Arkansas,AR,2010,0.24,False,0.24
Arkansas,AR,2011,0.24,False,0.24
Arkansas,AR,2012,0.24,False,0.24
Arkansas,AR,2013,0.24,False,0.24
Arkansas,AR,2014,0.24,False,0.24
Arkansas,AR,2015,0.24,False,0.24
Arkansas,AR,2016,0.24,False,0.24
Arkansas,AR,2017,0.24,False,0.24
Arkansas,AR,2018,0.24,False,0.24
Arkansas,AR,2019,0.24,False,0.24
Arkansas,AR,2020,0.24,False,0.24
Arkansas,AR,2021,0.24,False,0.24
Arkansas,AR,2022,0.24,False,0.24
Arkansas,AR,2023,0.23,False,0.23
Arizona,AZ,1982,0.08,False,0.08
Arizona,AZ,1983,0.08,False,0.08
Arizona,AZ,1984,0.08,False,0.08
Arizona,AZ,1985,0.16,False,0.16
Arizona,AZ,1986,0.16,False,0.16
Arizona,AZ,1987,0.16,False,0.16
Arizona,AZ,1988,0.16,False,0.16
Arizona,AZ,1989,0.16,False,0.16
Arizona,AZ,1990,0.16,False,0.16
Arizona,AZ,1991,0.16,False,0.16
Arizona,AZ,1992,0.16,False,0.16
Arizona,AZ,1993,0.16,False,0.16
Arizona,AZ,1994,0.16,False,0.16
Arizona,AZ,1995,0.16,False,0.16
Arizona,AZ,1996,0.16,False,0.16
Arizona,AZ,1997,0.16,False,0.16
Arizona,AZ,1998,0.16,False,0.16
Arizona,AZ,1999,0.16,False,0.16
Arizona,AZ,2000,0.16,False,0.16
Arizona,AZ,2001,0.16,False,0.16
Arizona,AZ,2002,0.16,False,0.16
Arizona,AZ,2003,0.16,False,0.16
Arizona,AZ,2004,0.16,False,0.16
Arizona,AZ,2005,0.16,False,0.16
Arizona,AZ,2006,0.16,False,0.16
Arizona,AZ,2007,0.16,False,0.16
Arizona,AZ,2008,0.16,False,0.16
Arizona,AZ,2009,0.16,False,0.16
Arizona,AZ,2010,0.16,False,0.16
Arizona,AZ,2011,0.16,False,0.16
Arizona,AZ,2012,0.16,False,0.16
Arizona,AZ,2013,0.16,False,0.16
Arizona,AZ,2014,0.16,False,0.16
Arizona,AZ,2015,0.16,False,0.16
Arizona,AZ,2016,0.16,False,0.16
Arizona,AZ,2017,0.16,False,0.16
Arizona,AZ,2018,0.16,False,0.16
Arizona,AZ,2019,0.16,False,0.16
Arizona,AZ,2020,0.16,False,0.16
Arizona,AZ,2021,0.16,False,0.16
Arizona,AZ,2022,0.16,False,0.16
Arizona,AZ,2023,0.16,False,0.16
California,CA,1982,0.04,False,0.04
California,CA,1983,0.04,False,0.04
California,CA,1984,0.04,False,0.04
California,CA,1985,0.04,False,0.04
California,CA,1986,0.04,False,0.04
California,CA,1987,0.04,False,0.04
California,CA,1988,0.04,False,0.04
California,CA,1989,0.04,False,0.04
California,CA,1990,0.04,False,0.04
California,CA,1991,0.04,False,0.04
California,CA,1992,0.2,False,0.2
California,CA,1993,0.2,False,0.2
California,CA,1994,0.2,False,0.2
California,CA,1995,0.2,False,0.2
California,CA,1996,0.2,False,0.2
California,CA,1997,0.2,False,0.2
California,CA,1998,0.2,False,0.2
California,CA,1999,0.2,False,0.2
California,CA,2000,0.2,False,0.2
California,CA,2001,0.2,False,0.2
California,CA,2002,0.2,False,0.2
California,CA,2003,0.2,False,0.2
California,CA,2004,0.2,False,0.2
California,CA,2005,0.2,False,0.2
California,CA,2006,0.2,False,0.2
California,CA,2007,0.2,False,0.2
California,CA,2008,0.2,False,0.2
California,CA,2009,0.2,False,0.2
California,CA,2010,0.2,False,0.2
California,CA,2011,0.2,False,0.2
California,CA,2012,0.2,False,0.2
California,CA,2013,0.2,False,0.2
California,CA,2014,0.2,False,0.2
California,CA,2015,0.2,False,0.2
California,CA,2016,0.2,False,0.2
California,CA,2017,0.2,False,0.2
California,CA,2018,0.2,False,0.2
California,CA,2019,0.2,False,0.2
California,CA,2020,0.2,False,0.2
California,CA,2021,0.2,False,0.2
California,CA,2022,0.2,False,0.2
California,CA,2023,0.2,False,0.2
Colorado,CO,1982,0.08,False,0.08
Colorado,CO,1983,0.08,False,0.08
Colorado,CO,1984,0.08,False,0.08
Colorado,CO,1985,0.08,False,0.08
Colorado,CO,1986,0.08,False,0.08
Colorado,CO,1987,0.08,False,0.08
Colorado,CO,1988,0.08,False,0.08
Colorado,CO,1989,0.08,False,0.08
Colorado,CO,1990,0.08,False,0.08
Colorado,CO,1991,0.08,False,0.08
Colorado,CO,1992,0.08,False,0.08
Colorado,CO,1993,0.08,False,0.08
Colorado,CO,1994,0.08,False,0.08
Colorado,CO,1995,0.08,False,0.08
Colorado,CO,1996,0.08,False,0.08
Colorado,CO,1997,0.08,False,0.08
Colorado,CO,1998,0.08,False,0.08
Colorado,CO,1999,0.08,False,0.08
Colorado,CO,2000,0.08,False,0.08
Colorado,CO,2001,0.08,False,0.08
Colorado,CO,2002,0.08,False,0.08
Colorado,CO,2003,0.08,False,0.08
Colorado,CO,2004,0.08,False,0.08
Colorado,CO,2005,0.08,False,0.08
Colorado,CO,2006,0.08,False,0.08
Colorado,CO,2007,0.08,False,0.08
Colorado,CO,2008,0.08,False,0.08
Colorado,CO,2009,0.08,False,0.08
Colorado,CO,2010,0.08,False,0.08
Colorado,CO,2011,0.08,False,0.08
Colorado,CO,2012,0.08,False,0.08
Colorado,CO,2013,0.08,False,0.08
Colorado,CO,2014,0.08,False,0.08
Colorado,CO,2015,0.08,False,0.08
Colorado,CO,2016,0.08,False,0.08
Colorado,CO,2017,0.08,False,0.08
Colorado,CO,2018,0.08,False,0.08
Colorado,CO,2019,0.08,False,0.08
Colorado,CO,2020,0.08,False,0.08
Colorado,CO,2021,0.08,False,0.08
Colorado,CO,2022,0.08,False,0.08
Colorado,CO,2023,0.08,False,0.08
Connecticut,CT,1982,0.08,False,0.08
Connecticut,CT,1983,0.08,False,0.08
Connecticut,CT,1984,0.095,False,0.095
Connecticut,CT,1985,0.095,False,0.095
Connecticut,CT,1986,0.095,False,0.095
Connecticut,CT,1987,0.095,False,0.095
Connecticut,CT,1988,0.095,False,0.095
Connecticut,CT,1989,0.095,False,0.095
Connecticut,CT,1990,0.19,False,0.19
Connecticut,CT,1991,0.19,False,0.19
Connecticut,CT,1992,0.19,False,0.19
Connecticut,CT,1993,0.19,False,0.19
Connecticut,CT,1994,0.19,False,0.19
Connecticut,CT,1995,0.19,False,0.19
Connecticut,CT,1996,0.19,False,0.19
Connecticut,CT,1997,0.19,False,0.19
Connecticut,CT,1998,0.19,False,0.19
Connecticut,CT,1999,0.19,False,0.19
Connecticut,CT,2000,0.19,False,0.19
Connecticut,CT,2001,0.19,False,0.19
Connecticut,CT,2002,0.19,False,0.19
Connecticut,CT,2003,0.19,False,0.19
Connecticut,CT,2004,0.19,False,0.19
Connecticut,CT,2005,0.19,False,0.19
Connecticut,CT,2006,0.19,False,0.19
Connecticut,CT,2007,0.19,False,0.19
Connecticut,CT,2008,0.19,False,0.19
Connecticut,CT,2009,0.19,False,0.19
Connecticut,CT,2010,0.19,False,0.19
Connecticut,CT,2011,0.19,False,0.19
Connecticut,CT,2012,0.24,False,0.24
Connecticut,CT,2013,0.24,False,0.24
Connecticut,CT,2014,0.24,False,0.24
Connecticut,CT,2015,0.24,False,0.24
Connecticut,CT,2016,0.24,False,0.24
Connecticut,CT,2017,0.24,False,0.24
Connecticut,CT,2018,0.24,False,0.24
Connecticut,CT,2019,0.24,False,0.24
Connecticut,CT,2020,0.24,False,0.24
Connecticut,CT,2021,0.24,False,0.24
Connecticut,CT,2022,0.24,False,0.24
Connecticut,CT,2023,0.24,False,0.24
District Of Columbia,DC,1982,0.07,False,0.07
District Of Columbia,DC,1983,0.07,False,0.07
District Of Columbia,DC,1984,0.07,False,0.07
District Of Columbia,DC,1985,0.07,False,0.07
District Of Columbia,DC,1986,0.07,False,0.07
District Of Columbia,DC,1987,0.07,False,0.07
District Of Columbia,DC,1988,0.07,False,0.07
District Of Columbia,DC,1989,0.07,False,0.07
District Of Columbia,DC,1990,0.09,False,0.09
District Of Columbia,DC,1991,0.09,False,0.09
District Of Columbia,DC,1992,0.09,False,0.09
District Of Columbia,DC,1993,0.09,False,0.09
District Of Columbia,DC,1994,0.09,False,0.09
District Of Columbia,DC,1995,0.09,False,0.09
District Of Columbia,DC,1996,0.09,False,0.09
District Of Columbia,DC,1997,0.09,False,0.09
District Of Columbia,DC,1998,0.09,False,0.09
District Of Columbia,DC,1999,0.09,False,0.09
District Of Columbia,DC,2000,0.09,False,0.09
District Of Columbia,DC,2001,0.09,False,0.09
District Of Columbia,DC,2002,0.09,False,0.09
District Of Columbia,DC,2003,0.09,False,0.09
District Of Columbia,DC,2004,0.09,False,0.09
District Of Columbia,DC,2005,0.09,False,0.09
District Of Columbia,DC,2006,0.09,False,0.09
District Of Columbia,DC,2007,0.09,False,0.09
District Of Columbia,DC,2008,0.09,False,0.09
District Of Columbia,DC,2009,0.09,False,0.09
District Of Columbia,DC,2010,0.09,False,0.09
District Of Columbia,DC,2011,0.09,False,0.09
District Of Columbia,DC,2012,0.09,False,0.09
District Of Columbia,DC,2013,0.09,False,0.09
District Of Columbia,DC,2014,0.09,False,0.09
District Of Columbia,DC,2015,0.09,False,0.09
District Of Columbia,DC,2016,0.09,False,0.09
District Of Columbia,DC,2017,0.09,False,0.09
District Of Columbia,DC,2018,0.09,False,0.09
District Of Columbia,DC,2019,0.09,False,0.09
District Of Columbia,DC,2020,0.09,False,0.09
District Of Columbia,DC,2021,0.26,False,0.26
District Of Columbia,DC,2022,0.09,False,0.09
District Of Columbia,DC,2023,0.26,False,0.26
Delaware,DE,1982,0.06,False,0.06
Delaware,DE,1983,0.06,False,0.06
Delaware,DE,1984,0.06,False,0.06
Delaware,DE,1985,0.06,False,0.06
Delaware,DE,1986,0.06,False,0.06
Delaware,DE,1987,0.06,False,0.06
Delaware,DE,1988,0.06,False,0.06
Delaware,DE,1989,0.06,False,0.06
Delaware,DE,1990,0.06,False,0.06
Delaware,DE,1991,0.16,False,0.16
Delaware,DE,1992,0.16,False,0.16
Delaware,DE,1993,0.16,False,0.16
Delaware,DE,1994,0.16,False,0.16
Delaware,DE,1995,0.16,False,0.16
Delaware,DE,1996,0.16,False,0.16
Delaware,DE,1997,0.16,False,0.16
Delaware,DE,1998,0.16,False,0.16
Delaware,DE,1999,0.16,False,0.16
Delaware,DE,2000,0.16,False,0.16
Delaware,DE,2001,0.16,False,0.16
Delaware,DE,2002,0.16,False,0.16
Delaware,DE,2003,0.16,False,0.16
Delaware,DE,2004,0.16,False,0.16
Delaware,DE,2005,0.16,False,0.16
Delaware,DE,2006,0.16,False,0.16
Delaware,DE,2007,0.16,False,0.16
Delaware,DE,2008,0.16,False,0.16
Delaware,DE,2009,0.16,False,0.16
Delaware,DE,2010,0.16,False,0.16
Delaware,DE,2011,0.16,False,0.16
Delaware,DE,2012,0.16,False,0.16
Delaware,DE,2013,0.16,False,0.16
Delaware,DE,2014,0.16,False,0.16
Delaware,DE,2015,0.16,False,0.16
Delaware,DE,2016,0.16,False,0.16
Delaware,DE,2017,0.16,False,0.16
Delaware,DE,2018,0.16,False,0.16
Delaware,DE,2019,0.26,False,0.26
Delaware,DE,2020,0.26,False,0.26
Delaware,DE,2021,0.09,False,0.09
Delaware,DE,2022,0.26,False,0.26
Delaware,DE,2023,0.09,False,0.09
Florida,FL,1982,0.4,False,0.4
Florida,FL,1983,0.4,False,0.4
Florida,FL,1984,0.48,False,0.48
Florida,FL,1985,0.48,False,0.48
Florida,FL,1986,0.48,False,0.48
Florida,FL,1987,0.48,False,0.48
Florida,FL,1988,0.48,False,0.48
Florida,FL,1989,0.48,False,0.48
Florida,FL,1990,0.48,False,0.48
Florida,FL,1991,0.48,False,0.48
Florida,FL,1992,0.48,False,0.48
Florida,FL,1993,0.48,False,0.48
Florida,FL,1994,0.48,False,0.48
Florida,FL,1995,0.48,False,0.48
Florida,FL,1996,0.48,False,0.48
Florida,FL,1997,0.48,False,0.48
Florida,FL,1998,0.48,False,0.48
Florida,FL,1999,0.48,False,0.48
Florida,FL,2000,0.48,False,0.48
Florida,FL,2001,0.48,False,0.48
Florida,FL,2002,0.48,False,0.48
Florida,FL,2003,0.48,False,0.48
Florida,FL,2004,0.48,False,0.48
Florida,FL,2005,0.48,False,0.48
Florida,FL,2006,0.48,False,0.48
Florida,FL,2007,0.48,False,0.48
Florida,FL,2008,0.48,False,0.48
Florida,FL,2009,0.48,False,0.48
Florida,FL,2010,0.48,False,0.48
Florida,FL,2011,0.48,False,0.48
Florida,FL,2012,0.48,False,0.48
Florida,FL,2013,0.48,False,0.48
Florida,FL,2014,0.48,False,0.48
Florida,FL,2015,0.48,False,0.48
Florida,FL,2016,0.48,False,0.48
Florida,FL,2017,0.48,False,0.48
Florida,FL,2018,0.48,False,0.48
Florida,FL,2019,0.48,False,0.48
Florida,FL,2020,0.48,False,0.48
Florida,FL,2021,0.48,False,0.48
Florida,FL,2022,0.48,False,0.48
Florida,FL,2023,0.48,False,0.48
Georgia,GA,1982,1.01,False,1.01
Georgia,GA,1983,1.01,False,1.01
Georgia,GA,1984,1.01,False,1.01
Georgia,GA,1985,1.01,False,1.01
Georgia,GA,1986,1.01,False,1.01
Georgia,GA,1987,1.01,False,1.01
Georgia,GA,1988,1.01,False,1.01
Georgia,GA,1989,1.01,False,1.01
Georgia,GA,1990,1.01,False,1.01
Georgia,GA,1991,1.01,False,1.01
Georgia,GA,1992,1.01,False,1.01
Georgia,GA,1993,1.01,False,1.01
Georgia,GA,1994,1.01,False,1.01
Georgia,GA,1995,1.01,False,1.01
Georgia,GA,1996,1.01,False,1.01
Georgia,GA,1997,1.01,False,1.01
Georgia,GA,1998,1.01,False,1.01
Georgia,GA,1999,1.01,False,1.01
Georgia,GA,2000,1.01,False,1.01
Georgia,GA,2001,1.01,False,1.01
Georgia,GA,2002,1.01,False,1.01
Georgia,GA,2003,1.01,False,1.01
Georgia,GA,2004,1.01,False,1.01
Georgia,GA,2005,1.01,False,1.01
Georgia,GA,2006,1.01,False,1.01
Georgia,GA,2007,1.01,False,1.01
Georgia,GA,2008,1.01,False,1.01
Georgia,GA,2009,1.01,False,1.01
Georgia,GA,2010,1.01,False,1.01
Georgia,GA,2011,1.01,False,1.01
Georgia,GA,2012,1.01,False,1.01
Georgia,GA,2013,1.01,False,1.01
Georgia,GA,2014,1.01,False,1.01
Georgia,GA,2015,1.01,False,1.01
Georgia,GA,2016,1.01,False,1.01
Georgia,GA,2017,1.01,False,1.01
Georgia,GA,2018,1.01,False,1.01
Georgia,GA,2019,1.01,False,1.01
Georgia,GA,2020,1.01,False,1.01
Georgia,GA,2021,1.01,False,1.01
Georgia,GA,2022,1.01,False,1.01
Georgia,GA,2023,0.85 *,True,0.85
Hawaii,HI,1982,0,False,0.0
Hawaii,HI,1983,0,False,0.0
Hawaii,HI,1984,0,False,0.0
Hawaii,HI,1985,0,False,0.0
Hawaii,HI,1986,0,False,0.0
Hawaii,HI,1987,0.81,False,0.81
Hawaii,HI,1988,0.85,False,0.85
Hawaii,HI,1989,0.89,False,0.89
Hawaii,HI,1990,0.89,False,0.89
Hawaii,HI,1991,0.89,False,0.89
Hawaii,HI,1992,0.89,False,0.89
Hawaii,HI,1993,0.89,False,0.89
Hawaii,HI,1994,0.89,False,0.89
Hawaii,HI,1995,0.81,False,0.81
Hawaii,HI,1996,0.9,False,0.9
Hawaii,HI,1997,0.91,False,0.91
Hawaii,HI,1998,0.92,False,0.92
Hawaii,HI,1999,0.93,False,0.93
Hawaii,HI,2000,0.93,False,0.93
Hawaii,HI,2001,0.93,False,0.93
Hawaii,HI,2002,0.93,False,0.93
Hawaii,HI,2003,0.93,False,0.93
Hawaii,HI,2004,0.93,False,0.93
Hawaii,HI,2005,0.93,False,0.93
Hawaii,HI,2006,0.93,False,0.93
Hawaii,HI,2007,0.93,False,0.93
Hawaii,HI,2008,0.93,False,0.93
Hawaii,HI,2009,0.93,False,0.93
Hawaii,HI,2010,0.93,False,0.93
Hawaii,HI,2011,0.93,False,0.93
Hawaii,HI,2012,0.93,False,0.93
Hawaii,HI,2013,0.93,False,0.93
Hawaii,HI,2014,0.93,False,0.93
Hawaii,HI,2015,0.93,False,0.93
Hawaii,HI,2016,0.93,False,0.93
Hawaii,HI,2017,0.93,False,0.93
Hawaii,HI,2018,0.93,False,0.93
Hawaii,HI,2019,0.93,False,0.93
Hawaii,HI,2020,0.93,False,0.93
Hawaii,HI,2021,0.93,False,0.93
Hawaii,HI,2022,0.93,False,0.93
Hawaii,HI,2023,0.93,False,0.93
Iowa,IA,1982,0.14,False,0.14
Iowa,IA,1983,0.14,False,0.14
Iowa,IA,1984,0.14,False,0.14
Iowa,IA,1985,0.14,False,0.14
Iowa,IA,1986,0.14,False,0.14
Iowa,IA,1987,0.19,False,0.19
Iowa,IA,1988,0.19,False,0.19
Iowa,IA,1989,0.19,False,0.19
Iowa,IA,1990,0.19,False,0.19
Iowa,IA,1991,0.19,False,0.19
Iowa,IA,1992,0.19,False,0.19
Iowa,IA,1993,0.19,False,0.19
Iowa,IA,1994,0.19,False,0.19
Iowa,IA,1995,0.19,False,0.19
Iowa,IA,1996,0.19,False,0.19
Iowa,IA,1997,0.19,False,0.19
Iowa,IA,1998,0.19,False,0.19
Iowa,IA,1999,0.19,False,0.19
Iowa,IA,2000,0.19,False,0.19
Iowa,IA,2001,0.19,False,0.19
Iowa,IA,2002,0.19,False,0.19
Iowa,IA,2003,0.19,False,0.19
Iowa,IA,2004,0.19,False,0.19
Iowa,IA,2005,0.19,False,0.19
Iowa,IA,2006,0.19,False,0.19
Iowa,IA,2007,0.19,False,0.19
Iowa,IA,2008,0.19,False,0.19
Iowa,IA,2009,0.19,False,0.19
Iowa,IA,2010,0.19,False,0.19
Iowa,IA,2011,0.19,False,0.19
Iowa,IA,2012,0.19,False,0.19
Iowa,IA,2013,0.19,False,0.19
Iowa,IA,2014,0.19,False,0.19
Iowa,IA,2015,0.19,False,0.19
Iowa,IA,2016,0.19,False,0.19
Iowa,IA,2017,0.19,False,0.19
Iowa,IA,2018,0.19,False,0.19
Iowa,IA,2019,0.19,False,0.19
Iowa,IA,2020,0.19,False,0.19
Iowa,IA,2021,0.19,False,0.19
Iowa,IA,2022,0.19,False,0.19
Iowa,IA,2023,0.19,False,0.19
Idaho,ID,1982,0.15,False,0.15
Idaho,ID,1983,0.15,False,0.15
Idaho,ID,1984,0.15,False,0.15
Idaho,ID,1985,0.15,False,0.15
Idaho,ID,1986,0.15,False,0.15
Idaho,ID,1987,0.15,False,0.15
Idaho,ID,1988,0.15,False,0.15
Idaho,ID,1989,0.15,False,0.15
Idaho,ID,1990,0.15,False,0.15
Idaho,ID,1991,0.15,False,0.15
Idaho,ID,1992,0.15,False,0.15
Idaho,ID,1993,0.15,False,0.15
Idaho,ID,1994,0.15,False,0.15
Idaho,ID,1995,0.15,False,0.15
Idaho,ID,1996,0.15,False,0.15
Idaho,ID,1997,0.15,False,0.15
Idaho,ID,1998,0.15,False,0.15
Idaho,ID,1999,0.15,False,0.15
Idaho,ID,2000,0.15,False,0.15
Idaho,ID,2001,0.15,False,0.15
Idaho,ID,2002,0.15,False,0.15
Idaho,ID,2003,0.15,False,0.15
Idaho,ID,2004,0.15,False,0.15
Idaho,ID,2005,0.15,False,0.15
Idaho,ID,2006,0.15,False,0.15
Idaho,ID,2007,0.15,False,0.15
Idaho,ID,2008,0.15,False,0.15
Idaho,ID,2009,0.15,False,0.15
Idaho,ID,2010,0.15,False,0.15
Idaho,ID,2011,0.15,False,0.15
Idaho,ID,2012,0.15,False,0.15
Idaho,ID,2013,0.15,False,0.15
Idaho,ID,2014,0.15,False,0.15
Idaho,ID,2015,0.15,False,0.15
Idaho,ID,2016,0.15,False,0.15
Idaho,ID,2017,0.15,False,0.15
Idaho,ID,2018,0.15,False,0.15
Idaho,ID,2019,0.15,False,0.15
Idaho,ID,2020,0.15,False,0.15
Idaho,ID,2021,0.15,False,0.15
Idaho,ID,2022,0.15,False,0.15
Idaho,ID,2023,0.15,False,0.15
Illinois,IL,1982,0.07,False,0.07
Illinois,IL,1983,0.07,False,0.07
Illinois,IL,1984,0.07,False,0.07
Illinois,IL,1985,0.07,False,0.07
Illinois,IL,1986,0.07,False,0.07
Illinois,IL,1987,0.07,False,0.07
Illinois,IL,1988,0.07,False,0.07
Illinois,IL,1989,0.07,False,0.07
Illinois,IL,1990,0.07,False,0.07
Illinois,IL,1991,0.07,False,0.07
Illinois,IL,1992,0.07,False,0.07
Illinois,IL,1993,0.07,False,0.07
Illinois,IL,1994,0.07,False,0.07
Illinois,IL,1995,0.07,False,0.07
Illinois,IL,1996,0.07,False,0.07
Illinois,IL,1997,0.07,False,0.07
Illinois,IL,1998,0.07,False,0.07
Illinois,IL,1999,0.07,False,0.07
Illinois,IL,2000,0.185,False,0.185
Illinois,IL,2001,0.185,False,0.185
Illinois,IL,2002,0.185,False,0.185
Illinois,IL,2003,0.185,False,0.185
Illinois,IL,2004,0.185,False,0.185
Illinois,IL,2005,0.185,False,0.185
Illinois,IL,2006,0.185,False,0.185
Illinois,IL,2007,0.185,False,0.185
Illinois,IL,2008,0.185,False,0.185
Illinois,IL,2009,0.185,False,0.185
Illinois,IL,2010,0.231,False,0.231
Illinois,IL,2011,0.231,False,0.231
Illinois,IL,2012,0.231,False,0.231
Illinois,IL,2013,0.231,False,0.231
Illinois,IL,2014,0.231,False,0.231
Illinois,IL,2015,0.231,False,0.231
Illinois,IL,2016,0.231,False,0.231
Illinois,IL,2017,0.231,False,0.231
Illinois,IL,2018,0.231,False,0.231
Illinois,IL,2019,0.231,False,0.231
Illinois,IL,2020,0.231,False,0.231
Illinois,IL,2021,0.231,False,0.231
Illinois,IL,2022,0.231,False,0.231
Illinois,IL,2023,0.231,False,0.231
Indiana,IN,1982,0.115,False,0.115
Indiana,IN,1983,0.115,False,0.115
Indiana,IN,1984,0.115,False,0.115
Indiana,IN,1985,0.115,False,0.115
Indiana,IN,1986,0.115,False,0.115
Indiana,IN,1987,0.115,False,0.115
Indiana,IN,1988,0.115,False,0.115
Indiana,IN,1989,0.115,False,0.115
Indiana,IN,1990,0.115,False,0.115
Indiana,IN,1991,0.115,False,0.115
Indiana,IN,1992,0.115,False,0.115
Indiana,IN,1993,0.115,False,0.115
Indiana,IN,1994,0.115,False,0.115
Indiana,IN,1995,0.115,False,0.115
Indiana,IN,1996,0.115,False,0.115
Indiana,IN,1997,0.115,False,0.115
Indiana,IN,1998,0.115,False,0.115
Indiana,IN,1999,0.115,False,0.115
Indiana,IN,2000,0.115,False,0.115
Indiana,IN,2001,0.115,False,0.115
Indiana,IN,2002,0.115,False,0.115
Indiana,IN,2003,0.115,False,0.115
Indiana,IN,2004,0.115,False,0.115
Indiana,IN,2005,0.115,False,0.115
Indiana,IN,2006,0.115,False,0.115
Indiana,IN,2007,0.115,False,0.115
Indiana,IN,2008,0.115,False,0.115
Indiana,IN,2009,0.115,False,0.115
Indiana,IN,2010,0.115,False,0.115
Indiana,IN,2011,0.115,False,0.115
Indiana,IN,2012,0.115,False,0.115
Indiana,IN,2013,0.115,False,0.115
Indiana,IN,2014,0.115,False,0.115
Indiana,IN,2015,0.115,False,0.115
Indiana,IN,2016,0.115,False,0.115
Indiana,IN,2017,0.115,False,0.115
Indiana,IN,2018,0.115,False,0.115
Indiana,IN,2019,0.115,False,0.115
Indiana,IN,2020,0.115,False,0.115
Indiana,IN,2021,0.115,False,0.115
Indiana,IN,2022,0.115,False,0.115
Indiana,IN,2023,0.115,False,0.115
Kansas,KS,1982,0.18,False,0.18
Kansas,KS,1983,0.18,False,0.18
Kansas,KS,1984,0.18,False,0.18
Kansas,KS,1985,0.18,False,0.18
Kansas,KS,1986,0.18,False,0.18
Kansas,KS,1987,0.18,False,0.18
Kansas,KS,1988,0.18,False,0.18
Kansas,KS,1989,0.18,False,0.18
Kansas,KS,1990,0.18,False,0.18
Kansas,KS,1991,0.18,False,0.18
Kansas,KS,1992,0.18,False,0.18
Kansas,KS,1993,0.18,False,0.18
Kansas,KS,1994,0.18,False,0.18
Kansas,KS,1995,0.18,False,0.18
Kansas,KS,1996,0.18,False,0.18
Kansas,KS,1997,0.18,False,0.18
Kansas,KS,1998,0.18,False,0.18
Kansas,KS,1999,0.18,False,0.18
Kansas,KS,2000,0.18,False,0.18
Kansas,KS,2001,0.18,False,0.18
Kansas,KS,2002,0.18,False,0.18
Kansas,KS,2003,0.18,False,0.18
Kansas,KS,2004,0.18,False,0.18
Kansas,KS,2005,0.18,False,0.18
Kansas,KS,2006,0.18,False,0.18
Kansas,KS,2007,0.18,False,0.18
Kansas,KS,2008,0.18,False,0.18
Kansas,KS,2009,0.18,False,0.18
Kansas,KS,2010,0.18,False,0.18
Kansas,KS,2011,0.18,False,0.18
Kansas,KS,2012,0.18,False,0.18
Kansas,KS,2013,0.18,False,0.18
Kansas,KS,2014,0.18,False,0.18
Kansas,KS,2015,0.18,False,0.18
Kansas,KS,2016,0.18,False,0.18
Kansas,KS,2017,0.18,False,0.18
Kansas,KS,2018,0.18,False,0.18
Kansas,KS,2019,0.18,False,0.18
Kansas,KS,2020,0.18,False,0.18
Kansas,KS,2021,0.18,False,0.18
Kansas,KS,2022,0.18,False,0.18
Kansas,KS,2023,0.18,False,0.18
Kentucky,KY,1982,0.08,False,0.08
Kentucky,KY,1983,0.08,False,0.08
Kentucky,KY,1984,0.08,False,0.08
Kentucky,KY,1985,0.08,False,0.08
Kentucky,KY,1986,0.08,False,0.08
Kentucky,KY,1987,0.08,False,0.08
Kentucky,KY,1988,0.08,False,0.08
Kentucky,KY,1989,0.08,False,0.08
Kentucky,KY,1990,0.08,False,0.08
Kentucky,KY,1991,0.08,False,0.08
Kentucky,KY,1992,0.08,False,0.08
Kentucky,KY,1993,0.08,False,0.08
Kentucky,KY,1994,0.08,False,0.08
Kentucky,KY,1995,0.08,False,0.08
Kentucky,KY,1996,0.08,False,0.08
Kentucky,KY,1997,0.08,False,0.08
Kentucky,KY,1998,0.08,False,0.08
Kentucky,KY,1999,0.08,False,0.08
Kentucky,KY,2000,0.08,False,0.08
Kentucky,KY,2001,0.08,False,0.08
Kentucky,KY,2002,0.08,False,0.08
Kentucky,KY,2003,0.08,False,0.08
Kentucky,KY,2004,0.08,False,0.08
Kentucky,KY,2005,0.08,False,0.08
Kentucky,KY,2006,0.08,False,0.08
Kentucky,KY,2007,0.08,False,0.08
Kentucky,KY,2008,0.08,False,0.08
Kentucky,KY,2009,0.08,False,0.08
Kentucky,KY,2010,0.08,False,0.08
Kentucky,KY,2011,0.08,False,0.08
Kentucky,KY,2012,0.08,False,0.08
Kentucky,KY,2013,0.08,False,0.08
Kentucky,KY,2014,0.08,False,0.08
Kentucky,KY,2015,0.08,False,0.08
Kentucky,KY,2016,0.08,False,0.08
Kentucky,KY,2017,0.08,False,0.08
Kentucky,KY,2018,0.08,False,0.08
Kentucky,KY,2019,0.08,False,0.08
Kentucky,KY,2020,0.08,False,0.08
Kentucky,KY,2021,0.08,False,0.08
Kentucky,KY,2022,0.08,False,0.08
Kentucky,KY,2023,0.08,False,0.08
Louisiana,LA,1982,0.32,False,0.32
Louisiana,LA,1983,0.32,False,0.32
Louisiana,LA,1984,0.32,False,0.32
Louisiana,LA,1985,0.32,False,0.32
Louisiana,LA,1986,0.32,False,0.32
Louisiana,LA,1987,0.32,False,0.32
Louisiana,LA,1988,0.32,False,0.32
Louisiana,LA,1989,0.32,False,0.32
Louisiana,LA,1990,0.32,False,0.32
Louisiana,LA,1991,0.32,False,0.32
Louisiana,LA,1992,0.32,False,0.32
Louisiana,LA,1993,0.32,False,0.32
Louisiana,LA,1994,0.32,False,0.32
Louisiana,LA,1995,0.32,False,0.32
Louisiana,LA,1996,0.32,False,0.32
Louisiana,LA,1997,0.32,False,0.32
Louisiana,LA,1998,0.32,False,0.32
Louisiana,LA,1999,0.32,False,0.32
Louisiana,LA,2000,0.32,False,0.32
Louisiana,LA,2001,0.32,False,0.32
Louisiana,LA,2002,0.32,False,0.32
Louisiana,LA,2003,0.32,False,0.32
Louisiana,LA,2004,0.32,False,0.32
Louisiana,LA,2005,0.32,False,0.32
Louisiana,LA,2006,0.32,False,0.32
Louisiana,LA,2007,0.32,False,0.32
Louisiana,LA,2008,0.32,False,0.32
Louisiana,LA,2009,0.32,False,0.32
Louisiana,LA,2010,0.32,False,0.32
Louisiana,LA,2011,0.32,False,0.32
Louisiana,LA,2012,0.32,False,0.32
Louisiana,LA,2013,0.32,False,0.32
Louisiana,LA,2014,0.32,False,0.32
Louisiana,LA,2015,0.32,False,0.32
Louisiana,LA,2016,0.32,False,0.32
Louisiana,LA,2017,0.403,False,0.403
Louisiana,LA,2018,0.403,False,0.403
Louisiana,LA,2019,0.403,False,0.403
Louisiana,LA,2020,0.403,False,0.403
Louisiana,LA,2021,0.403,False,0.403
Louisiana,LA,2022,0.403,False,0.403
Louisiana,LA,2023,0.403,False,0.403
Massachusetts,MA,1982,0.105,False,0.105
Massachusetts,MA,1983,0.105,False,0.105
Massachusetts,MA,1984,0.105,False,0.105
Massachusetts,MA,1985,0.105,False,0.105
Massachusetts,MA,1986,0.105,False,0.105
Massachusetts,MA,1987,0.105,False,0.105
Massachusetts,MA,1988,0.105,False,0.105
Massachusetts,MA,1989,0.105,False,0.105
Massachusetts,MA,1990,0.105,False,0.105
Massachusetts,MA,1991,0.105,False,0.105
Massachusetts,MA,1992,0.105,False,0.105
Massachusetts,MA,1993,0.105,False,0.105
Massachusetts,MA,1994,0.105,False,0.105
Massachusetts,MA,1995,0.105,False,0.105
Massachusetts,MA,1996,0.105,False,0.105
Massachusetts,MA,1997,0.105,False,0.105
Massachusetts,MA,1998,0.105,False,0.105
Massachusetts,MA,1999,0.105,False,0.105
Massachusetts,MA,2000,0.105,False,0.105
Massachusetts,MA,2001,0.105,False,0.105
Massachusetts,MA,2002,0.105,False,0.105
Massachusetts,MA,2003,0.105,False,0.105
Massachusetts,MA,2004,0.105,False,0.105
Massachusetts,MA,2005,0.105,False,0.105
Massachusetts,MA,2006,0.105,False,0.105
Massachusetts,MA,2007,0.105,False,0.105
Massachusetts,MA,2008,0.105,False,0.105
Massachusetts,MA,2009,0.105,False,0.105
Massachusetts,MA,2010,0.105,False,0.105
Massachusetts,MA,2011,0.105,False,0.105
Massachusetts,MA,2012,0.105,False,0.105
Massachusetts,MA,2013,0.105,False,0.105
Massachusetts,MA,2014,0.105,False,0.105
Massachusetts,MA,2015,0.105,False,0.105
Massachusetts,MA,2016,0.105,False,0.105
Massachusetts,MA,2017,0.105,False,0.105
Massachusetts,MA,2018,0.105,False,0.105
Massachusetts,MA,2019,0.105,False,0.105
Massachusetts,MA,2020,0.105,False,0.105
Massachusetts,MA,2021,0.105,False,0.105
Massachusetts,MA,2022,0.105,False,0.105
Massachusetts,MA,2023,0.105,False,0.105
Maryland,MD,1982,0.09,False,0.09
Maryland,MD,1983,0.09,False,0.09
Maryland,MD,1984,0.09,False,0.09
Maryland,MD,1985,0.09,False,0.09
Maryland,MD,1986,0.09,False,0.09
Maryland,MD,1987,0.09,False,0.09
Maryland,MD,1988,0.09,False,0.09
Maryland,MD,1989,0.09,False,0.09
Maryland,MD,1990,0.09,False,0.09
Maryland,MD,1991,0.09,False,0.09
Maryland,MD,1992,0.09,False,0.09
Maryland,MD,1993,0.09,False,0.09
Maryland,MD,1994,0.09,False,0.09
Maryland,MD,1995,0.09,False,0.09
Maryland,MD,1996,0.09,False,0.09
Maryland,MD,1997,0.09,False,0.09
Maryland,MD,1998,0.09,False,0.09
Maryland,MD,1999,0.09,False,0.09
Maryland,MD,2000,0.09,False,0.09
Maryland,MD,2001,0.09,False,0.09
Maryland,MD,2002,0.09,False,0.09
Maryland,MD,2003,0.09,False,0.09
Maryland,MD,2004,0.09,False,0.09
Maryland,MD,2005,0.09,False,0.09
Maryland,MD,2006,0.09,False,0.09
Maryland,MD,2007,0.09,False,0.09
Maryland,MD,2008,0.09,False,0.09
Maryland,MD,2009,0.09,False,0.09
Maryland,MD,2010,0.09,False,0.09
Maryland,MD,2011,0.09,False,0.09
Maryland,MD,2012,0.09,False,0.09
Maryland,MD,2013,0.09,False,0.09
Maryland,MD,2014,0.09,False,0.09
Maryland,MD,2015,0.09,False,0.09
Maryland,MD,2016,0.09,False,0.09
Maryland,MD,2017,0.09,False,0.09
Maryland,MD,2018,0.09,False,0.09
Maryland,MD,2019,0.09,False,0.09
Maryland,MD,2020,0.09,False,0.09
Maryland,MD,2021,0.09,False,0.09
Maryland,MD,2022,0.09,False,0.09
Maryland,MD,2023,0.09,False,0.09
Maine,ME,1982,0.3,False,0.3
Maine,ME,1983,0.3,False,0.3
Maine,ME,1984,0.3,False,0.3
Maine,ME,1985,0.3,False,0.3
Maine,ME,1986,0.3,False,0.3
Maine,ME,1987,0.35,False,0.35
Maine,ME,1988,0.35,False,0.35
Maine,ME,1989,0.35,False,0.35
Maine,ME,1990,0.35,False,0.35
Maine,ME,1991,0.35,False,0.35
Maine,ME,1992,0.35,False,0.35
Maine,ME,1993,0.35,False,0.35
Maine,ME,1994,0.35,False,0.35
Maine,ME,1995,0.35,False,0.35
Maine,ME,1996,0.35,False,0.35
Maine,ME,1997,0.35,False,0.35
Maine,ME,1998,0.35,False,0.35
Maine,ME,1999,0.35,False,0.35
Maine,ME,2000,0.35,False,0.35
Maine,ME,2001,0.35,False,0.35
Maine,ME,2002,0.35,False,0.35
Maine,ME,2003,0.35,False,0.35
Maine,ME,2004,0.35,False,0.35
Maine,ME,2005,0.35,False,0.35
Maine,ME,2006,0.35,False,0.35
Maine,ME,2007,0.35,False,0.35
Maine,ME,2008,0.35,False,0.35
Maine,ME,2009,0.35,False,0.35
Maine,ME,2010,0.35,False,0.35
Maine,ME,2011,0.35,False,0.35
Maine,ME,2012,0.35,False,0.35
Maine,ME,2013,0.35,False,0.35
Maine,ME,2014,0.35,False,0.35
Maine,ME,2015,0.35,False,0.35
Maine,ME,2016,0.35,False,0.35
Maine,ME,2017,0.35,False,0.35
Maine,ME,2018,0.35,False,0.35
Maine,ME,2019,0.35,False,0.35
Maine,ME,2020,0.35,False,0.35
Maine,ME,2021,0.35,False,0.35
Maine,ME,2022,0.35,False,0.35
Maine,ME,2023,0.35,False,0.35
Michigan,MI,1982,0.2,False,0.2
Michigan,MI,1983,0.2,False,0.2
Michigan,MI,1984,0.2,False,0.2
Michigan,MI,1985,0.2,False,0.2
Michigan,MI,1986,0.2,False,0.2
Michigan,MI,1987,0.2,False,0.2
Michigan,MI,1988,0.2,False,0.2
Michigan,MI,1989,0.2,False,0.2
Michigan,MI,1990,0.2,False,0.2
Michigan,MI,1991,0.2,False,0.2
Michigan,MI,1992,0.2,False,0.2
Michigan,MI,1993,0.2,False,0.2
Michigan,MI,1994,0.2,False,0.2
Michigan,MI,1995,0.2,False,0.2
Michigan,MI,1996,0.2,False,0.2
Michigan,MI,1997,0.2,False,0.2
Michigan,MI,1998,0.2,False,0.2
Michigan,MI,1999,0.2,False,0.2
Michigan,MI,2000,0.2,False,0.2
Michigan,MI,2001,0.2,False,0.2
Michigan,MI,2002,0.2,False,0.2
Michigan,MI,2003,0.2,False,0.2
Michigan,MI,2004,0.2,False,0.2
Michigan,MI,2005,0.2,False,0.2
Michigan,MI,2006,0.2,False,0.2
Michigan,MI,2007,0.2,False,0.2
Michigan,MI,2008,0.2,False,0.2
Michigan,MI,2009,0.2,False,0.2
Michigan,MI,2010,0.2,False,0.2
Michigan,MI,2011,0.2,False,0.2
Michigan,MI,2012,0.2,False,0.2
Michigan,MI,2013,0.2,False,0.2
Michigan,MI,2014,0.2,False,0.2
Michigan,MI,2015,0.2,False,0.2
Michigan,MI,2016,0.2,False,0.2
Michigan,MI,2017,0.2,False,0.2
Michigan,MI,2018,0.2,False,0.2
Michigan,MI,2019,0.2,False,0.2
Michigan,MI,2020,0.2,False,0.2
Michigan,MI,2021,0.2,False,0.2
Michigan,MI,2022,0.2,False,0.2
Michigan,MI,2023,0.2,False,0.2
Minnesota,MN,1982,0.127,False,0.127
Minnesota,MN,1983,0.127,False,0.127
Minnesota,MN,1984,0.127,False,0.127
Minnesota,MN,1985,0.127,False,0.127
Minnesota,MN,1986,0.127,False,0.127
Minnesota,MN,1987,0.127,False,0.127
Minnesota,MN,1988,0.146,False,0.146
Minnesota,MN,1989,0.146,False,0.146
Minnesota,MN,1990,0.146,False,0.146
Minnesota,MN,1991,0.146,False,0.146
Minnesota,MN,1992,0.146,False,0.146
Minnesota,MN,1993,0.146,False,0.146
Minnesota,MN,1994,0.146,False,0.146
Minnesota,MN,1995,0.146,False,0.146
Minnesota,MN,1996,0.146,False,0.146
Minnesota,MN,1997,0.146,False,0.146
Minnesota,MN,1998,0.146,False,0.146
Minnesota,MN,1999,0.146,False,0.146
Minnesota,MN,2000,0.146,False,0.146
Minnesota,MN,2001,0.146,False,0.146
Minnesota,MN,2002,0.146,False,0.146
Minnesota,MN,2003,0.146,False,0.146
Minnesota,MN,2004,0.146,False,0.146
Minnesota,MN,2005,0.146,False,0.146
Minnesota,MN,2006,0.146,False,0.146
Minnesota,MN,2007,0.146,False,0.146
Minnesota,MN,2008,0.146,False,0.146
Minnesota,MN,2009,0.146,False,0.146
Minnesota,MN,2010,0.146,False,0.146
Minnesota,MN,2011,0.146,False,0.146
Minnesota,MN,2012,0.146,False,0.146
Minnesota,MN,2013,0.146,False,0.146
Minnesota,MN,2014,0.146,False,0.146
Minnesota,MN,2015,0.146,False,0.146
Minnesota,MN,2016,0.146,False,0.146
Minnesota,MN,2017,0.146,False,0.146
Minnesota,MN,2018,0.146,False,0.146
Minnesota,MN,2019,0.146,False,0.146
Minnesota,MN,2020,0.146,False,0.146
Minnesota,MN,2021,0.146,False,0.146
Minnesota,MN,2022,0.146,False,0.146
Minnesota,MN,2023,0.146,False,0.146
Missouri,MO,1982,0.06,False,0.06
Missouri,MO,1983,0.06,False,0.06
Missouri,MO,1984,0.06,False,0.06
Missouri,MO,1985,0.06,False,0.06
Missouri,MO,1986,0.06,False,0.06
Missouri,MO,1987,0.06,False,0.06
Missouri,MO,1988,0.06,False,0.06
Missouri,MO,1989,0.06,False,0.06
Missouri,MO,1990,0.06,False,0.06
Missouri,MO,1991,0.06,False,0.06
Missouri,MO,1992,0.06,False,0.06
Missouri,MO,1993,0.06,False,0.06
Missouri,MO,1994,0.06,False,0.06
Missouri,MO,1995,0.06,False,0.06
Missouri,MO,1996,0.06,False,0.06
Missouri,MO,1997,0.06,False,0.06
Missouri,MO,1998,0.06,False,0.06
Missouri,MO,1999,0.06,False,0.06
Missouri,MO,2000,0.06,False,0.06
Missouri,MO,2001,0.06,False,0.06
Missouri,MO,2002,0.06,False,0.06
Missouri,MO,2003,0.06,False,0.06
Missouri,MO,2004,0.06,False,0.06
Missouri,MO,2005,0.06,False,0.06
Missouri,MO,2006,0.06,False,0.06
Missouri,MO,2007,0.06,False,0.06
Missouri,MO,2008,0.06,False,0.06
Missouri,MO,2009,0.06,False,0.06
Missouri,MO,2010,0.06,False,0.06
Missouri,MO,2011,0.06,False,0.06
Missouri,MO,2012,0.06,False,0.06
Missouri,MO,2013,0.06,False,0.06
Missouri,MO,2014,0.06,False,0.06
Missouri,MO,2015,0.06,False,0.06
Missouri,MO,2016,0.06,False,0.06
Missouri,MO,2017,0.06,False,0.06
Missouri,MO,2018,0.06,False,0.06
Missouri,MO,2019,0.06,False,0.06
Missouri,MO,2020,0.06,False,0.06
Missouri,MO,2021,0.06,False,0.06
Missouri,MO,2022,0.06,False,0.06
Missouri,MO,2023,0.06,False,0.06
Mississippi,MS,1982,0.4268,False,0.4268
Mississippi,MS,1983,0.4268,False,0.4268
Mississippi,MS,1984,0.4268,False,0.4268
Mississippi,MS,1985,0.4268,False,0.4268
Mississippi,MS,1986,0.47,False,0.47
Mississippi,MS,1987,0.4268,False,0.4268
Mississippi,MS,1988,0.4268,False,0.4268
Mississippi,MS,1989,0.4268,False,0.4268
Mississippi,MS,1990,0.4268,False,0.4268
Mississippi,MS,1991,0.4268,False,0.4268
Mississippi,MS,1992,0.4268,False,0.4268
Mississippi,MS,1993,0.4268,False,0.4268
Mississippi,MS,1994,0.4268,False,0.4268
Mississippi,MS,1995,0.4268,False,0.4268
Mississippi,MS,1996,0.4268,False,0.4268
Mississippi,MS,1997,0.4268,False,0.4268
Mississippi,MS,1998,0.4268,False,0.4268
Mississippi,MS,1999,0.4268,False,0.4268
Mississippi,MS,2000,0.4268,False,0.4268
Mississippi,MS,2001,0.4268,False,0.4268
Mississippi,MS,2002,0.4268,False,0.4268
Mississippi,MS,2003,0.4268,False,0.4268
Mississippi,MS,2004,0.4268,False,0.4268
Mississippi,MS,2005,0.4268,False,0.4268
Mississippi,MS,2006,0.4268,False,0.4268
Mississippi,MS,2007,0.4268,False,0.4268
Mississippi,MS,2008,0.4268,False,0.4268
Mississippi,MS,2009,0.4268,False,0.4268
Mississippi,MS,2010,0.4268,False,0.4268
Mississippi,MS,2011,0.4268,False,0.4268
Mississippi,MS,2012,0.4268,False,0.4268
Mississippi,MS,2013,0.4268,False,0.4268
Mississippi,MS,2014,0.4268,False,0.4268
Mississippi,MS,2015,0.4268,False,0.4268
Mississippi,MS,2016,0.4268,False,0.4268
Mississippi,MS,2017,0.4268,False,0.4268
Mississippi,MS,2018,0.4268,False,0.4268
Mississippi,MS,2019,0.4268,False,0.4268
Mississippi,MS,2020,0.4268,False,0.4268
Mississippi,MS,2021,0.4268,False,0.4268
Mississippi,MS,2022,0.4268,False,0.4268
Mississippi,MS,2023,0.4268,False,0.4268
Montana,MT,1982,0.127,False,0.127
Montana,MT,1983,0.127,False,0.127
Montana,MT,1984,0.127,False,0.127
Montana,MT,1985,0.127,False,0.127
Montana,MT,1986,0.1365,False,0.1365
Montana,MT,1987,0.1365,False,0.1365
Montana,MT,1988,0.1365,False,0.1365
Montana,MT,1989,0.1365,False,0.1365
Montana,MT,1990,0.1365,False,0.1365
Montana,MT,1991,0.1365,False,0.1365
Montana,MT,1992,0.1365,False,0.1365
Montana,MT,1993,0.1365,False,0.1365
Montana,MT,1994,0.1365,False,0.1365
Montana,MT,1995,0.1365,False,0.1365
Montana,MT,1996,0.1365,False,0.1365
Montana,MT,1997,0.1365,False,0.1365
Montana,MT,1998,0.1365,False,0.1365
Montana,MT,1999,0.1365,False,0.1365
Montana,MT,2000,0.1365,False,0.1365
Montana,MT,2001,0.1365,False,0.1365
Montana,MT,2002,0.1365,False,0.1365
Montana,MT,2003,0.1365,False,0.1365
Montana,MT,2004,0.1365,False,0.1365
Montana,MT,2005,0.1365,False,0.1365
Montana,MT,2006,0.1365,False,0.1365
Montana,MT,2007,0.1365,False,0.1365
Montana,MT,2008,0.1365,False,0.1365
Montana,MT,2009,0.1365,False,0.1365
Montana,MT,2010,0.1365,False,0.1365
Montana,MT,2011,0.1365,False,0.1365
Montana,MT,2012,0.1365,False,0.1365
Montana,MT,2013,0.1365,False,0.1365
Montana,MT,2014,0.1365,False,0.1365
Montana,MT,2015,0.1365,False,0.1365
Montana,MT,2016,0.1365,False,0.1365
Montana,MT,2017,0.1365,False,0.1365
Montana,MT,2018,0.1365,False,0.1365
Montana,MT,2019,0.1365,False,0.1365
Montana,MT,2020,0.1365,False,0.1365
Montana,MT,2021,0.1365,False,0.1365
Montana,MT,2022,0.1365,False,0.1365
Montana,MT,2023,0.1365,False,0.1365
North Carolina,NC,1982,0.53376,False,0.53376
North Carolina,NC,1983,0.53376,False,0.53376
North Carolina,NC,1984,0.53376,False,0.53376
North Carolina,NC,1985,0.53376,False,0.53376
North Carolina,NC,1986,0.53376,False,0.53376
North Carolina,NC,1987,0.53376,False,0.53376
North Carolina,NC,1988,0.53376,False,0.53376
North Carolina,NC,1989,0.53376,False,0.53376
North Carolina,NC,1990,0.53376,False,0.53376
North Carolina,NC,1991,0.53376,False,0.53376
North Carolina,NC,1992,0.53376,False,0.53376
North Carolina,NC,1993,0.53376,False,0.53376
North Carolina,NC,1994,0.53376,False,0.53376
North Carolina,NC,1995,0.53376,False,0.53376
North Carolina,NC,1996,0.53376,False,0.53376
North Carolina,NC,1997,0.53376,False,0.53376
North Carolina,NC,1998,0.53376,False,0.53376
North Carolina,NC,1999,0.53376,False,0.53376
North Carolina,NC,2000,0.53177,False,0.53177
North Carolina,NC,2001,0.53177,False,0.53177
North Carolina,NC,2002,0.53177,False,0.53177
North Carolina,NC,2003,0.53177,False,0.53177
North Carolina,NC,2004,0.53177,False,0.53177
North Carolina,NC,2005,0.53177,False,0.53177
North Carolina,NC,2006,0.53177,False,0.53177
North Carolina,NC,2007,0.53177,False,0.53177
North Carolina,NC,2008,0.53177,False,0.53177
North Carolina,NC,2009,0.53177,False,0.53177
North Carolina,NC,2010,0.6171,False,0.6171
North Carolina,NC,2011,0.6171,False,0.6171
North Carolina,NC,2012,0.6171,False,0.6171
North Carolina,NC,2013,0.6171,False,0.6171
North Carolina,NC,2014,0.6171,False,0.6171
North Carolina,NC,2015,0.6171,False,0.6171
North Carolina,NC,2016,0.6171,False,0.6171
North Carolina,NC,2017,0.6171,False,0.6171
North Carolina,NC,2018,0.6171,False,0.6171
North Carolina,NC,2019,0.6171,False,0.6171
North Carolina,NC,2020,0.6171,False,0.6171
North Carolina,NC,2021,0.6171,False,0.6171
North Carolina,NC,2022,0.6171,False,0.6171
North Carolina,NC,2023,0.6171,False,0.6171
North Dakota,ND,1982,0.16,False,0.16
North Dakota,ND,1983,0.16,False,0.16
North Dakota,ND,1984,0.16,False,0.16
North Dakota,ND,1985,0.16,False,0.16
North Dakota,ND,1986,0.16,False,0.16
North Dakota,ND,1987,0.16,False,0.16
North Dakota,ND,1988,0.16,False,0.16
North Dakota,ND,1989,0.16,False,0.16
North Dakota,ND,1990,0.16,False,0.16
North Dakota,ND,1991,0.16,False,0.16
North Dakota,ND,1992,0.16,False,0.16
North Dakota,ND,1993,0.16,False,0.16
North Dakota,ND,1994,0.16,False,0.16
North Dakota,ND,1995,0.16,False,0.16
North Dakota,ND,1996,0.16,False,0.16
North Dakota,ND,1997,0.16,False,0.16
North Dakota,ND,1998,0.16,False,0.16
North Dakota,ND,1999,0.16,False,0.16
North Dakota,ND,2000,0.16,False,0.16
North Dakota,ND,2001,0.16,False,0.16
North Dakota,ND,2002,0.16,False,0.16
North Dakota,ND,2003,0.16,False,0.16
North Dakota,ND,2004,0.16,False,0.16
North Dakota,ND,2005,0.16,False,0.16
North Dakota,ND,2006,0.16,False,0.16
North Dakota,ND,2007,0.16,False,0.16
North Dakota,ND,2008,0.16,False,0.16
North Dakota,ND,2009,0.16,False,0.16
North Dakota,ND,2010,0.16,False,0.16
North Dakota,ND,2011,0.16,False,0.16
North Dakota,ND,2012,0.16,False,0.16
North Dakota,ND,2013,0.16,False,0.16
North Dakota,ND,2014,0.16,False,0.16
North Dakota,ND,2015,0.16,False,0.16
North Dakota,ND,2016,0.16,False,0.16
North Dakota,ND,2017,0.16,False,0.16
North Dakota,ND,2018,0.16,False,0.16
North Dakota,ND,2019,0.16,False,0.16
North Dakota,ND,2020,0.16,False,0.16
North Dakota,ND,2021,0.16,False,0.16
North Dakota,ND,2022,0.16,False,0.16
North Dakota,ND,2023,0.16,False,0.16
Nebraska,NE,1982,0.14,False,0.14
Nebraska,NE,1983,0.14,False,0.14
Nebraska,NE,1984,0.14,False,0.14
Nebraska,NE,1985,0.14,False,0.14
Nebraska,NE,1986,0.2,False,0.2
Nebraska,NE,1987,0.2,False,0.2
Nebraska,NE,1988,0.23,False,0.23
Nebraska,NE,1989,0.23,False,0.23
Nebraska,NE,1990,0.23,False,0.23
Nebraska,NE,1991,0.23,False,0.23
Nebraska,NE,1992,0.23,False,0.23
Nebraska,NE,1993,0.23,False,0.23
Nebraska,NE,1994,0.23,False,0.23
Nebraska,NE,1995,0.23,False,0.23
Nebraska,NE,1996,0.23,False,0.23
Nebraska,NE,1997,0.23,False,0.23
Nebraska,NE,1998,0.23,False,0.23
Nebraska,NE,1999,0.23,False,0.23
Nebraska,NE,2000,0.23,False,0.23
Nebraska,NE,2001,0.23,False,0.23
Nebraska,NE,2002,0.23,False,0.23
Nebraska,NE,2003,0.23,False,0.23
Nebraska,NE,2004,0.31,False,0.31
Nebraska,NE,2005,0.31,False,0.31
Nebraska,NE,2006,0.31,False,0.31
Nebraska,NE,2007,0.31,False,0.31
Nebraska,NE,2008,0.31,False,0.31
Nebraska,NE,2009,0.31,False,0.31
Nebraska,NE,2010,0.31,False,0.31
Nebraska,NE,2011,0.31,False,0.31
Nebraska,NE,2012,0.31,False,0.31
Nebraska,NE,2013,0.31,False,0.31
Nebraska,NE,2014,0.31,False,0.31
Nebraska,NE,2015,0.31,False,0.31
Nebraska,NE,2016,0.31,False,0.31
Nebraska,NE,2017,0.31,False,0.31
Nebraska,NE,2018,0.31,False,0.31
Nebraska,NE,2019,0.31,False,0.31
Nebraska,NE,2020,0.31,False,0.31
Nebraska,NE,2021,0.31,False,0.31
Nebraska,NE,2022,0.31,False,0.31
Nebraska,NE,2023,0.31,False,0.31
New Hampshire,NH,1982,0.18,False,0.18
New Hampshire,NH,1983,0.18,False,0.18
New Hampshire,NH,1984,0.3,False,0.3
New Hampshire,NH,1985,0.3,False,0.3
New Hampshire,NH,1986,0.3,False,0.3
New Hampshire,NH,1987,0.3,False,0.3
New Hampshire,NH,1988,0.3,False,0.3
New Hampshire,NH,1989,0.3,False,0.3
New Hampshire,NH,1990,0.3,False,0.3
New Hampshire,NH,1991,0.35,False,0.35
New Hampshire,NH,1992,0.3,False,0.3
New Hampshire,NH,1993,0.3,False,0.3
New Hampshire,NH,1994,0.3,False,0.3
New Hampshire,NH,1995,0.3,False,0.3
New Hampshire,NH,1996,0.3,False,0.3
New Hampshire,NH,1997,0.3,False,0.3
New Hampshire,NH,1998,0.3,False,0.3
New Hampshire,NH,1999,0.3,False,0.3
New Hampshire,NH,2000,0.3,False,0.3
New Hampshire,NH,2001,0.3,False,0.3
New Hampshire,NH,2002,0.3,False,0.3
New Hampshire,NH,2003,0.3,False,0.3
New Hampshire,NH,2004,0.3,False,0.3
New Hampshire,NH,2005,0.3,False,0.3
New Hampshire,NH,2006,0.3,False,0.3
New Hampshire,NH,2007,0.3,False,0.3
New Hampshire,NH,2008,0.3,False,0.3
New Hampshire,NH,2009,0.3,False,0.3
New Hampshire,NH,2010,0.3,False,0.3
New Hampshire,NH,2011,0.3,False,0.3
New Hampshire,NH,2012,0.3,False,0.3
New Hampshire,NH,2013,0.3,False,0.3
New Hampshire,NH,2014,0.3,False,0.3
New Hampshire,NH,2015,0.3,False,0.3
New Hampshire,NH,2016,0.3,False,0.3
New Hampshire,NH,2017,0.3,False,0.3
New Hampshire,NH,2018,0.3,False,0.3
New Hampshire,NH,2019,0.3,False,0.3
New Hampshire,NH,2020,0.3,False,0.3
New Hampshire,NH,2021,0.3,False,0.3
New Hampshire,NH,2022,0.3,False,0.3
New Hampshire,NH,2023,0.3,False,0.3
New Jersey,NJ,1982,0.033,False,0.033
New Jersey,NJ,1983,0.033,False,0.033
New Jersey,NJ,1984,0.033,False,0.033
New Jersey,NJ,1985,0.033,False,0.033
New Jersey,NJ,1986,0.033,False,0.033
New Jersey,NJ,1987,0.033,False,0.033
New Jersey,NJ,1988,0.033,False,0.033
New Jersey,NJ,1989,0.033,False,0.033
New Jersey,NJ,1990,0.033,False,0.033
New Jersey,NJ,1991,0.1,False,0.1
New Jersey,NJ,1992,0.1,False,0.1
New Jersey,NJ,1993,0.12,False,0.12
New Jersey,NJ,1994,0.12,False,0.12
New Jersey,NJ,1995,0.12,False,0.12
New Jersey,NJ,1996,0.12,False,0.12
New Jersey,NJ,1997,0.12,False,0.12
New Jersey,NJ,1998,0.12,False,0.12
New Jersey,NJ,1999,0.12,False,0.12
New Jersey,NJ,2000,0.12,False,0.12
New Jersey,NJ,2001,0.12,False,0.12
New Jersey,NJ,2002,0.12,False,0.12
New Jersey,NJ,2003,0.12,False,0.12
New Jersey,NJ,2004,0.12,False,0.12
New Jersey,NJ,2005,0.12,False,0.12
New Jersey,NJ,2006,0.12,False,0.12
New Jersey,NJ,2007,0.12,False,0.12
New Jersey,NJ,2008,0.12,False,0.12
New Jersey,NJ,2009,0.12,False,0.12
New Jersey,NJ,2010,0.12,False,0.12
New Jersey,NJ,2011,0.12,False,0.12
New Jersey,NJ,2012,0.12,False,0.12
New Jersey,NJ,2013,0.12,False,0.12
New Jersey,NJ,2014,0.12,False,0.12
New Jersey,NJ,2015,0.12,False,0.12
New Jersey,NJ,2016,0.12,False,0.12
New Jersey,NJ,2017,0.12,False,0.12
New Jersey,NJ,2018,0.12,False,0.12
New Jersey,NJ,2019,0.12,False,0.12
New Jersey,NJ,2020,0.12,False,0.12
New Jersey,NJ,2021,0.12,False,0.12
New Jersey,NJ,2022,0.12,False,0.12
New Jersey,NJ,2023,0.12,False,0.12
New Mexico,NM,1982,0.09,False,0.09
New Mexico,NM,1983,0.09,False,0.09
New Mexico,NM,1984,0.18,False,0.18
New Mexico,NM,1985,0.18,False,0.18
New Mexico,NM,1986,0.18,False,0.18
New Mexico,NM,1987,0.18,False,0.18
New Mexico,NM,1988,0.18,False,0.18
New Mexico,NM,1989,0.18,False,0.18
New Mexico,NM,1990,0.18,False,0.18
New Mexico,NM,1991,0.18,False,0.18
New Mexico,NM,1992,0.18,False,0.18
New Mexico,NM,1993,0.18,False,0.18
New Mexico,NM,1994,0.35,False,0.35
New Mexico,NM,1995,0.41,False,0.41
New Mexico,NM,1996,0.41,False,0.41
New Mexico,NM,1997,0.41,False,0.41
New Mexico,NM,1998,0.41,False,0.41
New Mexico,NM,1999,0.41,False,0.41
New Mexico,NM,2000,0.41,False,0.41
New Mexico,NM,2001,0.41,False,0.41
New Mexico,NM,2002,0.41,False,0.41
New Mexico,NM,2003,0.41,False,0.41
New Mexico,NM,2004,0.41,False,0.41
New Mexico,NM,2005,0.41,False,0.41
New Mexico,NM,2006,0.41,False,0.41
New Mexico,NM,2007,0.41,False,0.41
New Mexico,NM,2008,0.41,False,0.41
New Mexico,NM,2009,0.41,False,0.41
New Mexico,NM,2010,0.41,False,0.41
New Mexico,NM,2011,0.41,False,0.41
New Mexico,NM,2012,0.41,False,0.41
New Mexico,NM,2013,0.41,False,0.41
New Mexico,NM,2014,0.41,False,0.41
New Mexico,NM,2015,0.41,False,0.41
New Mexico,NM,2016,0.41,False,0.41
New Mexico,NM,2017,0.41,False,0.41
New Mexico,NM,2018,0.41,False,0.41
New Mexico,NM,2019,0.41,False,0.41
New Mexico,NM,2020,0.41,False,0.41
New Mexico,NM,2021,0.41,False,0.41
New Mexico,NM,2022,0.41,False,0.41
New Mexico,NM,2023,0.41,False,0.41
Nevada,NV,1982,0.06,False,0.06
Nevada,NV,1983,0.06,False,0.06
Nevada,NV,1984,0.09,False,0.09
Nevada,NV,1985,0.09,False,0.09
Nevada,NV,1986,0.09,False,0.09
Nevada,NV,1987,0.09,False,0.09
Nevada,NV,1988,0.09,False,0.09
Nevada,NV,1989,0.09,False,0.09
Nevada,NV,1990,0.09,False,0.09
Nevada,NV,1991,0.09,False,0.09
Nevada,NV,1992,0.09,False,0.09
Nevada,NV,1993,0.09,False,0.09
Nevada,NV,1994,0.09,False,0.09
Nevada,NV,1995,0.09,False,0.09
Nevada,NV,1996,0.09,False,0.09
Nevada,NV,1997,0.09,False,0.09
Nevada,NV,1998,0.09,False,0.09
Nevada,NV,1999,0.09,False,0.09
Nevada,NV,2000,0.09,False,0.09
Nevada,NV,2001,0.09,False,0.09
Nevada,NV,2002,0.09,False,0.09
Nevada,NV,2003,0.09,False,0.09
Nevada,NV,2004,0.16,False,0.16
Nevada,NV,2005,0.16,False,0.16
Nevada,NV,2006,0.16,False,0.16
Nevada,NV,2007,0.16,False,0.16
Nevada,NV,2008,0.16,False,0.16
Nevada,NV,2009,0.16,False,0.16
Nevada,NV,2010,0.16,False,0.16
Nevada,NV,2011,0.16,False,0.16
Nevada,NV,2012,0.16,False,0.16
Nevada,NV,2013,0.16,False,0.16
Nevada,NV,2014,0.16,False,0.16
Nevada,NV,2015,0.16,False,0.16
Nevada,NV,2016,0.16,False,0.16
Nevada,NV,2017,0.16,False,0.16
Nevada,NV,2018,0.16,False,0.16
Nevada,NV,2019,0.16,False,0.16
Nevada,NV,2020,0.16,False,0.16
Nevada,NV,2021,0.16,False,0.16
Nevada,NV,2022,0.16,False,0.16
Nevada,NV,2023,0.16,False,0.16
New York,NY,1982,0.044,False,0.044
New York,NY,1983,0.044,False,0.044
New York,NY,1984,0.055,False,0.055
New York,NY,1985,0.055,False,0.055
New York,NY,1986,0.055,False,0.055
New York,NY,1987,0.055,False,0.055
New York,NY,1988,0.055,False,0.055
New York,NY,1989,0.055,False,0.055
New York,NY,1990,0.11,False,0.11
New York,NY,1991,0.21,False,0.21
New York,NY,1992,0.21,False,0.21
New York,NY,1993,0.21,False,0.21
New York,NY,1994,0.21,False,0.21
New York,NY,1995,0.21,False,0.21
New York,NY,1996,0.16,False,0.16
New York,NY,1997,0.16,False,0.16
New York,NY,1998,0.16,False,0.16
New York,NY,1999,0.135,False,0.135
New York,NY,2000,0.135,False,0.135
New York,NY,2001,0.135,False,0.135
New York,NY,2002,0.125,False,0.125
New York,NY,2003,0.125,False,0.125
New York,NY,2004,0.11,False,0.11
New York,NY,2005,0.11,False,0.11
New York,NY,2006,0.11,False,0.11
New York,NY,2007,0.11,False,0.11
New York,NY,2008,0.11,False,0.11
New York,NY,2009,0.11,False,0.11
New York,NY,2010,0.14,False,0.14
New York,NY,2011,0.14,False,0.14
New York,NY,2012,0.14,False,0.14
New York,NY,2013,0.14,False,0.14
New York,NY,2014,0.14,False,0.14
New York,NY,2015,0.14,False,0.14
New York,NY,2016,0.14,False,0.14
New York,NY,2017,0.14,False,0.14
New York,NY,2018,0.14,False,0.14
New York,NY,2019,0.14,False,0.14
New York,NY,2020,0.14,False,0.14
New York,NY,2021,0.14,False,0.14
New York,NY,2022,0.14,False,0.14
New York,NY,2023,0.14,False,0.14
Ohio,OH,1982,0.079,False,0.079
Ohio,OH,1983,0.079,False,0.079
Ohio,OH,1984,0.079,False,0.079
Ohio,OH,1985,0.079,False,0.079
Ohio,OH,1986,0.079,False,0.079
Ohio,OH,1987,0.079,False,0.079
Ohio,OH,1988,0.079,False,0.079
Ohio,OH,1989,0.079,False,0.079
Ohio,OH,1990,0.111,False,0.111
Ohio,OH,1991,0.111,False,0.111
Ohio,OH,1992,0.111,False,0.111
Ohio,OH,1993,0.18,False,0.18
Ohio,OH,1994,0.18,False,0.18
Ohio,OH,1995,0.18,False,0.18
Ohio,OH,1996,0.18,False,0.18
Ohio,OH,1997,0.18,False,0.18
Ohio,OH,1998,0.18,False,0.18
Ohio,OH,1999,0.18,False,0.18
Ohio,OH,2000,0.18,False,0.18
Ohio,OH,2001,0.18,False,0.18
Ohio,OH,2002,0.18,False,0.18
Ohio,OH,2003,0.18,False,0.18
Ohio,OH,2004,0.18,False,0.18
Ohio,OH,2005,0.18,False,0.18
Ohio,OH,2006,0.18,False,0.18
Ohio,OH,2007,0.18,False,0.18
Ohio,OH,2008,0.18,False,0.18
Ohio,OH,2009,0.18,False,0.18
Ohio,OH,2010,0.18,False,0.18
Ohio,OH,2011,0.18,False,0.18
Ohio,OH,2012,0.18,False,0.18
Ohio,OH,2013,0.18,False,0.18
Ohio,OH,2014,0.18,False,0.18
Ohio,OH,2015,0.18,False,0.18
Ohio,OH,2016,0.18,False,0.18
Ohio,OH,2017,0.18,False,0.18
Ohio,OH,2018,0.18,False,0.18
Ohio,OH,2019,0.18,False,0.18
Ohio,OH,2020,0.18,False,0.18
Ohio,OH,2021,0.18,False,0.18
Ohio,OH,2022,0.18,False,0.18
Ohio,OH,2023,0.18,False,0.18
Oklahoma,OK,1982,0.317,False,0.317
Oklahoma,OK,1983,0.317,False,0.317
Oklahoma,OK,1984,0.317,False,0.317
Oklahoma,OK,1985,0.397,False,0.397
Oklahoma,OK,1986,0.397,False,0.397
Oklahoma,OK,1987,0.397,False,0.397
Oklahoma,OK,1988,0.397,False,0.397
Oklahoma,OK,1989,0.397,False,0.397
Oklahoma,OK,1990,0.397,False,0.397
Oklahoma,OK,1991,0.397,False,0.397
Oklahoma,OK,1992,0.397,False,0.397
Oklahoma,OK,1993,0.397,False,0.397
Oklahoma,OK,1994,0.397,False,0.397
Oklahoma,OK,1995,0.397,False,0.397
Oklahoma,OK,1996,0.397,False,0.397
Oklahoma,OK,1997,0.397,False,0.397
Oklahoma,OK,1998,0.397,False,0.397
Oklahoma,OK,1999,0.397,False,0.397
Oklahoma,OK,2000,0.397,False,0.397
Oklahoma,OK,2001,0.397,False,0.397
Oklahoma,OK,2002,0.397,False,0.397
Oklahoma,OK,2003,0.397,False,0.397
Oklahoma,OK,2004,0.397,False,0.397
Oklahoma,OK,2005,0.397,False,0.397
Oklahoma,OK,2006,0.397,False,0.397
Oklahoma,OK,2007,0.397,False,0.397
Oklahoma,OK,2008,0.397,False,0.397
Oklahoma,OK,2009,0.397,False,0.397
Oklahoma,OK,2010,0.397,False,0.397
Oklahoma,OK,2011,0.397,False,0.397
Oklahoma,OK,2012,0.397,False,0.397
Oklahoma,OK,2013,0.397,False,0.397
Oklahoma,OK,2014,0.397,False,0.397
Oklahoma,OK,2015,0.397,False,0.397
Oklahoma,OK,2016,0.397,False,0.397
Oklahoma,OK,2017,0.397,False,0.397
Oklahoma,OK,2018,0.397,False,0.397
Oklahoma,OK,2019,0.397,False,0.397
Oklahoma,OK,2020,0.397,False,0.397
Oklahoma,OK,2021,0.397,False,0.397
Oklahoma,OK,2022,0.397,False,0.397
Oklahoma,OK,2023,0.397,False,0.397
Oregon,OR,1982,0.082,False,0.082
Oregon,OR,1983,0.082,False,0.082
Oregon,OR,1984,0.082,False,0.082
Oregon,OR,1985,0.082,False,0.082
Oregon,OR,1986,0.082,False,0.082
Oregon,OR,1987,0.082,False,0.082
Oregon,OR,1988,0.082,False,0.082
Oregon,OR,1989,0.082,False,0.082
Oregon,OR,1990,0.082,False,0.082
Oregon,OR,1991,0.082,False,0.082
Oregon,OR,1992,0.082,False,0.082
Oregon,OR,1993,0.082,False,0.082
Oregon,OR,1994,0.082,False,0.082
Oregon,OR,1995,0.082,False,0.082
Oregon,OR,1996,0.082,False,0.082
Oregon,OR,1997,0.082,False,0.082
Oregon,OR,1998,0.082,False,0.082
Oregon,OR,1999,0.082,False,0.082
Oregon,OR,2000,0.082,False,0.082
Oregon,OR,2001,0.082,False,0.082
Oregon,OR,2002,0.082,False,0.082
Oregon,OR,2003,0.082,False,0.082
Oregon,OR,2004,0.082,False,0.082
Oregon,OR,2005,0.082,False,0.082
Oregon,OR,2006,0.082,False,0.082
Oregon,OR,2007,0.082,False,0.082
Oregon,OR,2008,0.082,False,0.082
Oregon,OR,2009,0.082,False,0.082
Oregon,OR,2010,0.082,False,0.082
Oregon,OR,2011,0.082,False,0.082
Oregon,OR,2012,0.082,False,0.082
Oregon,OR,2013,0.082,False,0.082
Oregon,OR,2014,0.082,False,0.082
Oregon,OR,2015,0.082,False,0.082
Oregon,OR,2016,0.082,False,0.082
Oregon,OR,2017,0.082,False,0.082
Oregon,OR,2018,0.082,False,0.082
Oregon,OR,2019,0.082,False,0.082
Oregon,OR,2020,0.082,False,0.082
Oregon,OR,2021,0.082,False,0.082
Oregon,OR,2022,0.082,False,0.082
Oregon,OR,2023,0.082,False,0.082
Pennsylvania,PA,1982,0.0787,False,0.0787
Pennsylvania,PA,1983,0.0787,False,0.0787
Pennsylvania,PA,1984,0.0787,False,0.0787
Pennsylvania,PA,1985,0.0787,False,0.0787
Pennsylvania,PA,1986,0.0787,False,0.0787
Pennsylvania,PA,1987,0.0787,False,0.0787
Pennsylvania,PA,1988,0.0787,False,0.0787
Pennsylvania,PA,1989,0.0787,False,0.0787
Pennsylvania,PA,1990,0.0787,False,0.0787
Pennsylvania,PA,1991,0.0787,False,0.0787
Pennsylvania,PA,1992,0.0787,False,0.0787
Pennsylvania,PA,1993,0.0787,False,0.0787
Pennsylvania,PA,1994,0.0787,False,0.0787
Pennsylvania,PA,1995,0.0787,False,0.0787
Pennsylvania,PA,1996,0.0787,False,0.0787
Pennsylvania,PA,1997,0.0787,False,0.0787
Pennsylvania,PA,1998,0.0787,False,0.0787
Pennsylvania,PA,1999,0.0787,False,0.0787
Pennsylvania,PA,2000,0.0787,False,0.0787
Pennsylvania,PA,2001,0.0787,False,0.0787
Pennsylvania,PA,2002,0.0787,False,0.0787
Pennsylvania,PA,2003,0.0787,False,0.0787
Pennsylvania,PA,2004,0.0787,False,0.0787
Pennsylvania,PA,2005,0.0787,False,0.0787
Pennsylvania,PA,2006,0.0787,False,0.0787
Pennsylvania,PA,2007,0.0787,False,0.0787
Pennsylvania,PA,2008,0.0787,False,0.0787
Pennsylvania,PA,2009,0.0787,False,0.0787
Pennsylvania,PA,2010,0.0787,False,0.0787
Pennsylvania,PA,2011,0.0787,False,0.0787
Pennsylvania,PA,2012,0.0787,False,0.0787
Pennsylvania,PA,2013,0.0787,False,0.0787
Pennsylvania,PA,2014,0.0787,False,0.0787
Pennsylvania,PA,2015,0.0787,False,0.0787
Pennsylvania,PA,2016,0.0787,False,0.0787
Pennsylvania,PA,2017,0.0787,False,0.0787
Pennsylvania,PA,2018,0.0787,False,0.0787
Pennsylvania,PA,2019,0.0787,False,0.0787
Pennsylvania,PA,2020,0.0787,False,0.0787
Pennsylvania,PA,2021,0.0787,False,0.0787
Pennsylvania,PA,2022,0.0787,False,0.0787
Pennsylvania,PA,2023,0.0787,False,0.0787
Rhode Island,RI,1982,0.0645,False,0.0645
Rhode Island,RI,1983,0.0645,False,0.0645
Rhode Island,RI,1984,0.0645,False,0.0645
Rhode Island,RI,1985,0.0645,False,0.0645
Rhode Island,RI,1986,0.0645,False,0.0645
Rhode Island,RI,1987,0.0645,False,0.0645
Rhode Island,RI,1988,0.0645,False,0.0645
Rhode Island,RI,1989,0.0645,False,0.0645
Rhode Island,RI,1990,0.0952,False,0.0952
Rhode Island,RI,1991,0.0952,False,0.0952
Rhode Island,RI,1992,0.0952,False,0.0952
Rhode Island,RI,1993,0.0952,False,0.0952
Rhode Island,RI,1994,0.0952,False,0.0952
Rhode Island,RI,1995,0.0952,False,0.0952
Rhode Island,RI,1996,0.0952,False,0.0952
Rhode Island,RI,1997,0.0952,False,0.0952
Rhode Island,RI,1998,0.0952,False,0.0952
Rhode Island,RI,1999,0.0952,False,0.0952
Rhode Island,RI,2000,0.0952,False,0.0952
Rhode Island,RI,2001,0.0952,False,0.0952
Rhode Island,RI,2002,0.0952,False,0.0952
Rhode Island,RI,2003,0.0952,False,0.0952
Rhode Island,RI,2004,0.0952,False,0.0952
Rhode Island,RI,2005,0.0952,False,0.0952
Rhode Island,RI,2006,0.0952,False,0.0952
Rhode Island,RI,2007,0.0952,False,0.0952
Rhode Island,RI,2008,0.0952,False,0.0952
Rhode Island,RI,2009,0.0952,False,0.0952
Rhode Island,RI,2010,0.0952,False,0.0952
Rhode Island,RI,2011,0.0952,False,0.0952
Rhode Island,RI,2012,0.0952,False,0.0952
Rhode Island,RI,2013,0.0952,False,0.0952
Rhode Island,RI,2014,0.1047,False,0.1047
Rhode Island,RI,2015,0.1064,False,0.1064
Rhode Island,RI,2016,0.1064,False,0.1064
Rhode Island,RI,2017,0.1064,False,0.1064
Rhode Island,RI,2018,0.1064,False,0.1064
Rhode Island,RI,2019,0.1064,False,0.1064
Rhode Island,RI,2020,0.1064,False,0.1064
Rhode Island,RI,2021,0.1064,False,0.1064
Rhode Island,RI,2022,0.1064,False,0.1064
Rhode Island,RI,2023,0.1064,False,0.1064
South Carolina,SC,1982,0.768,False,0.768
South Carolina,SC,1983,0.768,False,0.768
South Carolina,SC,1984,0.768,False,0.768
South Carolina,SC,1985,0.768,False,0.768
South Carolina,SC,1986,0.768,False,0.768
South Carolina,SC,1987,0.768,False,0.768
South Carolina,SC,1988,0.768,False,0.768
South Carolina,SC,1989,0.768,False,0.768
South Carolina,SC,1990,0.768,False,0.768
South Carolina,SC,1991,0.768,False,0.768
South Carolina,SC,1992,0.768,False,0.768
South Carolina,SC,1993,0.768,False,0.768
South Carolina,SC,1994,0.768,False,0.768
South Carolina,SC,1995,0.768,False,0.768
South Carolina,SC,1996,0.768,False,0.768
South Carolina,SC,1997,0.768,False,0.768
South Carolina,SC,1998,0.768,False,0.768
South Carolina,SC,1999,0.768,False,0.768
South Carolina,SC,2000,0.768,False,0.768
South Carolina,SC,2001,0.768,False,0.768
South Carolina,SC,2002,0.768,False,0.768
South Carolina,SC,2003,0.768,False,0.768
South Carolina,SC,2004,0.768,False,0.768
South Carolina,SC,2005,0.768,False,0.768
South Carolina,SC,2006,0.768,False,0.768
South Carolina,SC,2007,0.768,False,0.768
South Carolina,SC,2008,0.768,False,0.768
South Carolina,SC,2009,0.768,False,0.768
South Carolina,SC,2010,0.768,False,0.768
South Carolina,SC,2011,0.768,False,0.768
South Carolina,SC,2012,0.768,False,0.768
South Carolina,SC,2013,0.768,False,0.768
South Carolina,SC,2014,0.768,False,0.768
South Carolina,SC,2015,0.768,False,0.768
South Carolina,SC,2016,0.768,False,0.768
South Carolina,SC,2017,0.768,False,0.768
South Carolina,SC,2018,0.768,False,0.768
South Carolina,SC,2019,0.768,False,0.768
South Carolina,SC,2020,0.768,False,0.768
South Carolina,SC,2021,0.768,False,0.768
South Carolina,SC,2022,0.768,False,0.768
South Carolina,SC,2023,0.768,False,0.768
South Dakota,SD,1982,0.264,False,0.264
South Dakota,SD,1983,0.264,False,0.264
South Dakota,SD,1984,0.264,False,0.264
South Dakota,SD,1985,0.264,False,0.264
South Dakota,SD,1986,0.264,False,0.264
South Dakota,SD,1987,0.264,False,0.264
South Dakota,SD,1988,0.2698,False,0.2698
South Dakota,SD,1989,0.2698,False,0.2698
South Dakota,SD,1990,0.2698,False,0.2698
South Dakota,SD,1991,0.2698,False,0.2698
South Dakota,SD,1992,0.2698,False,0.2698
South Dakota,SD,1993,0.2698,False,0.2698
South Dakota,SD,1994,0.2698,False,0.2698
South Dakota,SD,1995,0.2698,False,0.2698
South Dakota,SD,1996,0.2698,False,0.2698
South Dakota,SD,1997,0.2698,False,0.2698
South Dakota,SD,1998,0.2698,False,0.2698
South Dakota,SD,1999,0.2698,False,0.2698
South Dakota,SD,2000,0.2698,False,0.2698
South Dakota,SD,2001,0.2698,False,0.2698
South Dakota,SD,2002,0.2698,False,0.2698
South Dakota,SD,2003,0.2698,False,0.2698
South Dakota,SD,2004,0.2698,False,0.2698
South Dakota,SD,2005,0.2698,False,0.2698
South Dakota,SD,2006,0.2698,False,0.2698
South Dakota,SD,2007,0.2698,False,0.2698
South Dakota,SD,2008,0.2698,False,0.2698
South Dakota,SD,2009,0.2698,False,0.2698
South Dakota,SD,2010,0.2698,False,0.2698
South Dakota,SD,2011,0.2698,False,0.2698
South Dakota,SD,2012,0.2698,False,0.2698
South Dakota,SD,2013,0.2698,False,0.2698
South Dakota,SD,2014,0.2698,False,0.2698
South Dakota,SD,2015,0.2698,False,0.2698
South Dakota,SD,2016,0.2698,False,0.2698
South Dakota,SD,2017,0.2698,False,0.2698
South Dakota,SD,2018,0.2698,False,0.2698
South Dakota,SD,2019,0.2698,False,0.2698
South Dakota,SD,2020,0.2698,False,0.2698
South Dakota,SD,2021,0.2698,False,0.2698
South Dakota,SD,2022,0.2698,False,0.2698
South Dakota,SD,2023,0.2698,False,0.2698
Tennessee,TN,1982,0.1258,False,0.1258
Tennessee,TN,1983,0.1258,False,0.1258
Tennessee,TN,1984,0.1258,False,0.1258
Tennessee,TN,1985,0.1258,False,0.1258
Tennessee,TN,1986,0.1258,False,0.1258
Tennessee,TN,1987,0.1258,False,0.1258
Tennessee,TN,1988,0.1258,False,0.1258
Tennessee,TN,1989,0.1258,False,0.1258
Tennessee,TN,1990,0.1258,False,0.1258
Tennessee,TN,1991,0.1258,False,0.1258
Tennessee,TN,1992,0.1258,False,0.1258
Tennessee,TN,1993,0.1258,False,0.1258
Tennessee,TN,1994,0.1258,False,0.1258
Tennessee,TN,1995,0.1258,False,0.1258
Tennessee,TN,1996,0.1258,False,0.1258
Tennessee,TN,1997,0.1258,False,0.1258
Tennessee,TN,1998,0.1258,False,0.1258
Tennessee,TN,1999,0.1258,False,0.1258
Tennessee,TN,2000,0.1258,False,0.1258
Tennessee,TN,2001,0.1258,False,0.1258
Tennessee,TN,2002,0.1258,False,0.1258
Tennessee,TN,2003,0.13619,False,0.13619
Tennessee,TN,2004,0.13619,False,0.13619
Tennessee,TN,2005,0.13619,False,0.13619
Tennessee,TN,2006,0.13619,False,0.13619
Tennessee,TN,2007,0.13619,False,0.13619
Tennessee,TN,2008,0.13619,False,0.13619
Tennessee,TN,2009,0.13619,False,0.13619
Tennessee,TN,2010,0.13619,False,0.13619
Tennessee,TN,2011,0.13619,False,0.13619
Tennessee,TN,2012,0.13619,False,0.13619
Tennessee,TN,2013,0.13619,False,0.13619
Tennessee,TN,2014,1.15,False,1.15
Tennessee,TN,2015,1.15,False,1.15
Tennessee,TN,2016,1.29,False,1.29
Tennessee,TN,2017,1.29,False,1.29
Tennessee,TN,2018,1.29,False,1.29
Tennessee,TN,2019,1.29,False,1.29
Tennessee,TN,2020,1.29,False,1.29
Tennessee,TN,2021,1.29,False,1.29
Tennessee,TN,2022,1.29,False,1.29
Tennessee,TN,2023,1.29,False,1.29
Texas,TX,1982,0.1587,False,0.1587
Texas,TX,1983,0.1587,False,0.1587
Texas,TX,1984,0.1587,False,0.1587
Texas,TX,1985,0.19047,False,0.19047
Texas,TX,1986,0.19047,False,0.19047
Texas,TX,1987,0.19047,False,0.19047
Texas,TX,1988,0.19047,False,0.19047
Texas,TX,1989,0.19047,False,0.19047
Texas,TX,1990,0.19047,False,0.19047
Texas,TX,1991,0.19047,False,0.19047
Texas,TX,1992,0.19047,False,0.19047
Texas,TX,1993,0.19047,False,0.19047
Texas,TX,1994,0.19047,False,0.19047
Texas,TX,1995,0.19047,False,0.19047
Texas,TX,1996,0.19047,False,0.19047
Texas,TX,1997,0.19047,False,0.19047
Texas,TX,1998,0.19047,False,0.19047
Texas,TX,1999,0.19047,False,0.19047
Texas,TX,2000,0.19047,False,0.19047
Texas,TX,2001,0.19047,False,0.19047
Texas,TX,2002,0.19047,False,0.19047
Texas,TX,2003,0.19047,False,0.19047
Texas,TX,2004,0.19047,False,0.19047
Texas,TX,2005,0.19047,False,0.19047
Texas,TX,2006,0.19047,False,0.19047
Texas,TX,2007,0.19047,False,0.19047
Texas,TX,2008,0.19047,False,0.19047
Texas,TX,2009,0.19047,False,0.19047
Texas,TX,2010,0.19047,False,0.19047
Texas,TX,2011,0.19047,False,0.19047
Texas,TX,2012,0.19047,False,0.19047
Texas,TX,2013,0.19047,False,0.19047
Texas,TX,2014,0.19047,False,0.19047
Texas,TX,2015,0.19047,False,0.19047
Texas,TX,2016,0.19047,False,0.19047
Texas,TX,2017,0.19047,False,0.19047
Texas,TX,2018,0.19047,False,0.19047
Texas,TX,2019,0.19047,False,0.19047
Texas,TX,2020,0.19047,False,0.19047
Texas,TX,2021,0.19047,False,0.19047
Texas,TX,2022,0.193548,False,0.193548
Texas,TX,2023,0.193548,False,0.193548
Utah,UT,1982,0.13079,False,0.13079
Utah,UT,1983,0.13079,False,0.13079
Utah,UT,1984,0.355,False,0.355
Utah,UT,1985,0.355,False,0.355
Utah,UT,1986,0.355,False,0.355
Utah,UT,1987,0.355,False,0.355
Utah,UT,1988,0.355,False,0.355
Utah,UT,1989,0.355,False,0.355
Utah,UT,1990,0.355,False,0.355
Utah,UT,1991,0.355,False,0.355
Utah,UT,1992,0.355,False,0.355
Utah,UT,1993,0.355,False,0.355
Utah,UT,1994,0.355,False,0.355
Utah,UT,1995,0.355,False,0.355
Utah,UT,1996,0.355,False,0.355
Utah,UT,1997,0.355,False,0.355
Utah,UT,1998,0.355,False,0.355
Utah,UT,1999,0.355,False,0.355
Utah,UT,2000,0.355,False,0.355
Utah,UT,2001,0.355,False,0.355
Utah,UT,2002,0.355,False,0.355
Utah,UT,2003,0.355,False,0.355
Utah,UT,2004,0.4063,False,0.4063
Utah,UT,2005,0.4063,False,0.4063
Utah,UT,2006,0.4063,False,0.4063
Utah,UT,2007,0.4063,False,0.4063
Utah,UT,2008,0.4063,False,0.4063
Utah,UT,2009,0.4063,False,0.4063
Utah,UT,2010,0.4063,False,0.4063
Utah,UT,2011,0.4063,False,0.4063
Utah,UT,2012,0.4063,False,0.4063
Utah,UT,2013,0.4063,False,0.4063
Utah,UT,2014,0.4063,False,0.4063
Utah,UT,2015,0.4063,False,0.4063
Utah,UT,2016,0.4063,False,0.4063
Utah,UT,2017,0.4063,False,0.4063
Utah,UT,2018,0.4063,False,0.4063
Utah,UT,2019,0.4063,False,0.4063
Utah,UT,2020,0.4063,False,0.4063
Utah,UT,2021,0.4063,False,0.4063
Utah,UT,2022,0.4063,False,0.4063
Utah,UT,2023,0.4226,False,0.4226
Virginia,VA,1982,0.2565,False,0.2565
Virginia,VA,1983,0.2565,False,0.2565
Virginia,VA,1984,0.2565,False,0.2565
Virginia,VA,1985,0.2565,False,0.2565
Virginia,VA,1986,0.2565,False,0.2565
Virginia,VA,1987,0.2565,False,0.2565
Virginia,VA,1988,0.2565,False,0.2565
Virginia,VA,1989,0.2565,False,0.2565
Virginia,VA,1990,0.2565,False,0.2565
Virginia,VA,1991,0.2565,False,0.2565
Virginia,VA,1992,0.2565,False,0.2565
Virginia,VA,1993,0.2565,False,0.2565
Virginia,VA,1994,0.2565,False,0.2565
Virginia,VA,1995,0.2565,False,0.2565
Virginia,VA,1996,0.2565,False,0.2565
Virginia,VA,1997,0.2565,False,0.2565
Virginia,VA,1998,0.2565,False,0.2565
Virginia,VA,1999,0.2565,False,0.2565
Virginia,VA,2000,0.2565,False,0.2565
Virginia,VA,2001,0.2565,False,0.2565
Virginia,VA,2002,0.2565,False,0.2565
Virginia,VA,2003,0.2565,False,0.2565
Virginia,VA,2004,0.2565,False,0.2565
Virginia,VA,2005,0.2565,False,0.2565
Virginia,VA,2006,0.2565,False,0.2565
Virginia,VA,2007,0.2565,False,0.2565
Virginia,VA,2008,0.2565,False,0.2565
Virginia,VA,2009,0.2565,False,0.2565
Virginia,VA,2010,0.2565,False,0.2565
Virginia,VA,2011,0.2565,False,0.2565
Virginia,VA,2012,0.2565,False,0.2565
Virginia,VA,2013,0.2565,False,0.2565
Virginia,VA,2014,0.2565,False,0.2565
Virginia,VA,2015,0.2565,False,0.2565
Virginia,VA,2016,0.2565,False,0.2565
Virginia,VA,2017,0.2565,False,0.2565
Virginia,VA,2018,0.2565,False,0.2565
Virginia,VA,2019,0.2565,False,0.2565
Virginia,VA,2020,0.2565,False,0.2565
Virginia,VA,2021,0.2565,False,0.2565
Virginia,VA,2022,0.2565,False,0.2565
Virginia,VA,2023,0.2565,False,0.2565
Vermont,VT,1982,0.265,False,0.265
Vermont,VT,1983,0.265,False,0.265
Vermont,VT,1984,0.265,False,0.265
Vermont,VT,1985,0.265,False,0.265
Vermont,VT,1986,0.265,False,0.265
Vermont,VT,1987,0.265,False,0.265
Vermont,VT,1988,0.265,False,0.265
Vermont,VT,1989,0.265,False,0.265
Vermont,VT,1990,0.265,False,0.265
Vermont,VT,1991,0.265,False,0.265
Vermont,VT,1992,0.265,False,0.265
Vermont,VT,1993,0.265,False,0.265
Vermont,VT,1994,0.265,False,0.265
Vermont,VT,1995,0.265,False,0.265
Vermont,VT,1996,0.265,False,0.265
Vermont,VT,1997,0.265,False,0.265
Vermont,VT,1998,0.265,False,0.265
Vermont,VT,1999,0.265,False,0.265
Vermont,VT,2000,0.265,False,0.265
Vermont,VT,2001,0.265,False,0.265
Vermont,VT,2002,0.265,False,0.265
Vermont,VT,2003,0.265,False,0.265
Vermont,VT,2004,0.265,False,0.265
Vermont,VT,2005,0.265,False,0.265
Vermont,VT,2006,0.265,False,0.265
Vermont,VT,2007,0.265,False,0.265
Vermont,VT,2008,0.265,False,0.265
Vermont,VT,2009,0.265,False,0.265
Vermont,VT,2010,0.265,False,0.265
Vermont,VT,2011,0.265,False,0.265
Vermont,VT,2012,0.265,False,0.265
Vermont,VT,2013,0.265,False,0.265
Vermont,VT,2014,0.265,False,0.265
Vermont,VT,2015,0.265,False,0.265
Vermont,VT,2016,0.265,False,0.265
Vermont,VT,2017,0.265,False,0.265
Vermont,VT,2018,0.265,False,0.265
Vermont,VT,2019,0.265,False,0.265
Vermont,VT,2020,0.265,False,0.265
Vermont,VT,2021,0.265,False,0.265
Vermont,VT,2022,0.265,False,0.265
Vermont,VT,2023,0.265,False,0.265
Washington,WA,1982,0.0839,False,0.0839
Washington,WA,1983,0.0897,False,0.0897
Washington,WA,1984,0.0897,False,0.0897
Washington,WA,1985,0.0897,False,0.0897
Washington,WA,1986,0.0897,False,0.0897
Washington,WA,1987,0.0897,False,0.0897
Washington,WA,1988,0.0897,False,0.0897
Washington,WA,1989,0.0897,False,0.0897
Washington,WA,1990,0.15426,False,0.15426
Washington,WA,1991,0.15426,False,0.15426
Washington,WA,1992,0.15426,False,0.15426
Washington,WA,1993,0.1852,False,0.1852
Washington,WA,1994,0.1852,False,0.1852
Washington,WA,1995,0.23135,False,0.23135
Washington,WA,1996,0.23135,False,0.23135
Washington,WA,1997,0.3085,False,0.3085
Washington,WA,1998,0.26,False,0.26
Washington,WA,1999,0.26,False,0.26
Washington,WA,2000,0.26,False,0.26
Washington,WA,2001,0.26,False,0.26
Washington,WA,2002,0.26,False,0.26
Washington,WA,2003,0.26,False,0.26
Washington,WA,2004,0.26,False,0.26
Washington,WA,2005,0.26,False,0.26
Washington,WA,2006,0.26,False,0.26
Washington,WA,2007,0.26,False,0.26
Washington,WA,2008,0.26,False,0.26
Washington,WA,2009,0.26,False,0.26
Washington,WA,2010,0.26,False,0.26
Washington,WA,2011,0.7606,False,0.7606
Washington,WA,2012,0.7606,False,0.7606
Washington,WA,2013,0.7606,False,0.7606
Washington,WA,2014,0.26,False,0.26
Washington,WA,2015,0.26,False,0.26
Washington,WA,2016,0.26,False,0.26
Washington,WA,2017,0.26,False,0.26
Washington,WA,2018,0.26,False,0.26
Washington,WA,2019,0.26,False,0.26
Washington,WA,2020,0.26,False,0.26
Washington,WA,2021,0.26,False,0.26
Washington,WA,2022,0.2565,False,0.2565
Washington,WA,2023,0.2565,False,0.2565
Wisconsin,WI,1982,0.0645,False,0.0645
Wisconsin,WI,1983,0.0645,False,0.0645
Wisconsin,WI,1984,0.0645,False,0.0645
Wisconsin,WI,1985,0.0645,False,0.0645
Wisconsin,WI,1986,0.0645,False,0.0645
Wisconsin,WI,1987,0.0645,False,0.0645
Wisconsin,WI,1988,0.0645,False,0.0645
Wisconsin,WI,1989,0.0645,False,0.0645
Wisconsin,WI,1990,0.0645,False,0.0645
Wisconsin,WI,1991,0.0645,False,0.0645
Wisconsin,WI,1992,0.0645,False,0.0645
Wisconsin,WI,1993,0.0645,False,0.0645
Wisconsin,WI,1994,0.0645,False,0.0645
Wisconsin,WI,1995,0.0645,False,0.0645
Wisconsin,WI,1996,0.0645,False,0.0645
Wisconsin,WI,1997,0.0645,False,0.0645
Wisconsin,WI,1998,0.0645,False,0.0645
Wisconsin,WI,1999,0.0645,False,0.0645
Wisconsin,WI,2000,0.0645,False,0.0645
Wisconsin,WI,2001,0.0645,False,0.0645
Wisconsin,WI,2002,0.0645,False,0.0645
Wisconsin,WI,2003,0.0645,False,0.0645
Wisconsin,WI,2004,0.0645,False,0.0645
Wisconsin,WI,2005,0.0645,False,0.0645
Wisconsin,WI,2006,0.0645,False,0.0645
Wisconsin,WI,2007,0.0645,False,0.0645
Wisconsin,WI,2008,0.0645,False,0.0645
Wisconsin,WI,2009,0.0645,False,0.0645
Wisconsin,WI,2010,0.0645,False,0.0645
Wisconsin,WI,2011,0.0645,False,0.0645
Wisconsin,WI,2012,0.0645,False,0.0645
Wisconsin,WI,2013,0.0645,False,0.0645
Wisconsin,WI,2014,0.0645,False,0.0645
Wisconsin,WI,2015,0.0645,False,0.0645
Wisconsin,WI,2016,0.0645,False,0.0645
Wisconsin,WI,2017,0.0645,False,0.0645
Wisconsin,WI,2018,0.0645,False,0.0645
Wisconsin,WI,2019,0.0645,False,0.0645
Wisconsin,WI,2020,0.0645,False,0.0645
Wisconsin,WI,2021,0.0645,False,0.0645
Wisconsin,WI,2022,0.0645,False,0.0645
Wisconsin,WI,2023,0.0645,False,0.0645
West Virginia,WV,1982,0.177,False,0.177
West Virginia,WV,1983,0.177,False,0.177
West Virginia,WV,1984,0.177,False,0.177
West Virginia,WV,1985,0.177,False,0.177
West Virginia,WV,1986,0.177,False,0.177
West Virginia,WV,1987,0.177,False,0.177
West Virginia,WV,1988,0.177,False,0.177
West Virginia,WV,1989,0.177,False,0.177
West Virginia,WV,1990,0.177,False,0.177
West Virginia,WV,1991,0.177,False,0.177
West Virginia,WV,1992,0.177,False,0.177
West Virginia,WV,1993,0.177,False,0.177
West Virginia,WV,1994,0.177,False,0.177
West Virginia,WV,1995,0.177,False,0.177
West Virginia,WV,1996,0.177,False,0.177
West Virginia,WV,1997,0.177,False,0.177
West Virginia,WV,1998,0.177,False,0.177
West Virginia,WV,1999,0.177,False,0.177
West Virginia,WV,2000,0.177,False,0.177
West Virginia,WV,2001,0.177,False,0.177
West Virginia,WV,2002,0.177,False,0.177
West Virginia,WV,2003,0.177,False,0.177
West Virginia,WV,2004,0.177,False,0.177
West Virginia,WV,2005,0.177,False,0.177
West Virginia,WV,2006,0.177,False,0.177
West Virginia,WV,2007,0.177,False,0.177
West Virginia,WV,2008,0.177,False,0.177
West Virginia,WV,2009,0.177,False,0.177
West Virginia,WV,2010,0.177,False,0.177
West Virginia,WV,2011,0.177,False,0.177
West Virginia,WV,2012,0.177,False,0.177
West Virginia,WV,2013,0.177,False,0.177
West Virginia,WV,2014,0.177,False,0.177
West Virginia,WV,2015,0.177,False,0.177
West Virginia,WV,2016,0.177,False,0.177
West Virginia,WV,2017,0.177,False,0.177
West Virginia,WV,2018,0.177,False,0.177
West Virginia,WV,2019,0.177,False,0.177
West Virginia,WV,2020,0.177,False,0.177
West Virginia,WV,2021,0.177,False,0.177
West Virginia,WV,2022,0.177,False,0.177
West Virginia,WV,2023,0.177,False,0.177
Wyoming,WY,1982,0.02,False,0.02
Wyoming,WY,1983,0.02,False,0.02
Wyoming,WY,1984,0.02,False,0.02
Wyoming,WY,1985,0.02,False,0.02
Wyoming,WY,1986,0.02,False,0.02
Wyoming,WY,1987,0.02,False,0.02
Wyoming,WY,1988,0.02,False,0.02
Wyoming,WY,1989,0.02,False,0.02
Wyoming,WY,1990,0.02,False,0.02
Wyoming,WY,1991,0.02,False,0.02
Wyoming,WY,1992,0.02,False,0.02
Wyoming,WY,1993,0.02,False,0.02
Wyoming,WY,1994,0.02,False,0.02
Wyoming,WY,1995,0.02,False,0.02
Wyoming,WY,1996,0.02,False,0.02
Wyoming,WY,1997,0.02,False,0.02
Wyoming,WY,1998,0.02,False,0.02
Wyoming,WY,1999,0.02,False,0.02
Wyoming,WY,2000,0.02,False,0.02
Wyoming,WY,2001,0.02,False,0.02
Wyoming,WY,2002,0.02,False,0.02
Wyoming,WY,2003,0.02,False,0.02
Wyoming,WY,2004,0.02,False,0.02
Wyoming,WY,2005,0.02,False,0.02
Wyoming,WY,2006,0.02,False,0.02
Wyoming,WY,2007,0.02,False,0.02
Wyoming,WY,2008,0.02,False,0.02
Wyoming,WY,2009,0.02,False,0.02
Wyoming,WY,2010,0.02,False,0.02
Wyoming,WY,2011,0.02,False,0.02
Wyoming,WY,2012,0.02,False,0.02
Wyoming,WY,2013,0.02,False,0.02
Wyoming,WY,2014,0.02,False,0.02
Wyoming,WY,2015,0.02,False,0.02
Wyoming,WY,2016,0.02,False,0.02
Wyoming,WY,2017,0.02,False,0.02
Wyoming,WY,2018,0.02,False,0.02
Wyoming,WY,2019,0.02,False,0.02
Wyoming,WY,2020,0.02,False,0.02
Wyoming,WY,2021,0.02,False,0.02
Wyoming,WY,2022,0.02,False,0.02
Wyoming,WY,2023,0.02,False,0.02
